ts_code,symbol,name,k,d,j,簇
000001.SZ,1,平安银行,86.03038498329099,87.44687436174128,83.19740622639037,0.0
000002.SZ,2,万科A,76.5568325700054,79.25010734722721,71.17028301556178,0.0
000004.SZ,4,国华网安,66.06137527242639,50.3574616407997,97.46920253567976,2.0
000006.SZ,6,深振业A,80.47765873220982,64.96615852244618,111.5006591517371,0.0
000008.SZ,8,神州高铁,79.45084778033129,62.212884105573366,113.92677512984712,0.0
000009.SZ,9,中国宝安,78.05176988934423,60.908867488979205,112.33757469007428,0.0
000010.SZ,10,美丽生态,59.81959372917568,44.85236773422204,89.75404571908298,2.0
000011.SZ,11,深物业A,74.03742388650957,56.45303298307715,109.2062056933744,0.0
000012.SZ,12,南玻A,66.21762537997299,54.324196289534335,90.00448356085029,2.0
000014.SZ,14,沙河股份,63.20275201686614,49.58675077264559,90.43475450530724,2.0
000016.SZ,16,深康佳A,67.73979301685648,54.805018046802495,93.60934295696444,2.0
000017.SZ,17,深中华A,55.48516813100738,39.23456897428878,87.98636644444457,2.0
000019.SZ,19,深粮控股,75.34100340881155,60.9090241194016,104.20496198763142,0.0
000020.SZ,20,深华发A,65.6247493732295,49.42464706232506,98.02495399503836,2.0
000021.SZ,21,深科技,76.18887273112178,63.39247971584869,101.78165876166796,0.0
000023.SZ,23,深天地A,72.24856151073485,52.97424551857208,110.79719349506038,0.0
000025.SZ,25,特力A,57.47543721876892,42.13120239847569,88.16390685935536,2.0
000026.SZ,26,飞亚达,77.47043979101318,60.278223619810326,111.85487213341888,0.0
000027.SZ,27,深圳能源,78.71182175409409,61.28468186528245,113.56610153171736,0.0
000028.SZ,28,国药一致,84.18676878346537,69.83678128340952,112.88674378357706,0.0
000030.SZ,30,富奥股份,85.60914740132245,71.16273034711267,114.501981509742,0.0
000031.SZ,31,大悦城,80.84980627343296,65.43776634396141,111.67388613237604,0.0
000032.SZ,32,深桑达A,79.00364664620008,69.46157467352593,98.08779059154838,0.0
000034.SZ,34,神州数码,56.24403692207949,40.694789532367295,87.34253170150387,2.0
000035.SZ,35,中国天楹,75.841931196382,57.23851233821114,113.04876891272372,0.0
000036.SZ,36,华联控股,82.84964360429868,68.8797990782921,110.78933265631184,0.0
000038.SZ,38,深大通,75.57629789342326,65.59840022366225,95.53209323294529,0.0
000039.SZ,39,中集集团,80.96310216621458,67.53261539846531,107.82407570171311,0.0
000040.SZ,40,东旭蓝天,68.29393401343265,53.42246334972916,98.03687534083964,2.0
000042.SZ,42,中洲控股,78.8859729583872,63.26413409228471,110.1296506905922,0.0
000045.SZ,45,深纺织A,69.83273407577572,47.68808408969697,114.12203404793324,0.0
000046.SZ,46,泛海控股,66.01939137092438,46.60144814241952,104.85527782793412,2.0
000048.SZ,48,京基智农,73.18390463352053,71.2287986150526,77.0941166704564,0.0
000049.SZ,49,德赛电池,81.78222354845467,68.51170979141153,108.32325106254092,0.0
000050.SZ,50,深天马A,78.3510032089221,65.91647293408596,103.22006375859436,0.0
000055.SZ,55,方大集团,27.312306601415784,29.294494319782785,23.347931164681786,1.0
000056.SZ,56,皇庭国际,65.08766040650583,50.72715669621888,93.80866782707972,2.0
000058.SZ,58,深赛格,57.9084657818166,45.51643015864926,82.69253702815129,2.0
000059.SZ,59,华锦股份,80.99716551227137,64.9900548675704,113.01138680167332,0.0
000060.SZ,60,中金岭南,79.55528441640453,63.7927946772554,111.0802638947028,0.0
000061.SZ,61,农产品,81.01462244604554,69.2040361976625,104.6357949428116,0.0
000062.SZ,62,深圳华强,84.94491927187126,75.57446631718804,103.6858251812377,0.0
000063.SZ,63,中兴通讯,81.09333431586913,66.13076985478472,111.01846323803797,0.0
000065.SZ,65,北方国际,81.65747939055674,64.64778534250914,115.67686748665196,0.0
000066.SZ,66,中国长城,83.72942183241065,76.90001393402068,97.3882376291906,0.0
000068.SZ,68,华控赛格,69.79772275741523,49.12418209553716,111.1448040811714,0.0
000069.SZ,69,华侨城A,82.18579883191366,76.4293435104882,93.6987094747646,0.0
000070.SZ,70,特发信息,66.23414646466557,47.11467608099328,104.47308723201016,2.0
000078.SZ,78,海王生物,77.11450292962944,58.41481764699272,114.51387349490288,0.0
000088.SZ,88,盐田港,82.93972311710415,66.55205915678275,115.71505103774696,0.0
000089.SZ,89,深圳机场,79.44520751334048,73.70813022366164,90.91936209269817,0.0
000090.SZ,90,天健集团,73.3526233581342,57.02676035806703,106.00434935826851,0.0
000096.SZ,96,广聚能源,72.882117810251,49.73043910615392,119.18547521844518,0.0
000099.SZ,99,中信海直,83.18079141665949,73.39745237160355,102.74746950677138,0.0
000100.SZ,100,TCL科技,82.29172722072477,82.1674088776026,82.5403639069691,0.0
000150.SZ,150,宜华健康,18.58758509616431,26.476383549483455,2.809988189526017,1.0
000151.SZ,151,中成股份,71.40333152036172,51.38162835074582,111.44673785959353,0.0
000153.SZ,153,丰原药业,71.22784681906704,53.00229623227145,107.6789479926582,0.0
000155.SZ,155,川能动力,66.0788692461619,46.29871780391891,105.63917213064788,2.0
000156.SZ,156,华数传媒,82.69583390487807,69.4301020109854,109.22729769266344,0.0
000157.SZ,157,中联重科,85.72616714683859,77.3922531970938,102.3939950463282,0.0
000158.SZ,158,常山北明,55.30339079261971,35.59289028524303,94.72439180737304,2.0
000159.SZ,159,国际实业,76.89767011676085,61.27916786943265,108.13467461141724,0.0
000166.SZ,166,申万宏源,83.0925358243248,76.34480581678451,96.58799583940538,0.0
000301.SZ,301,东方盛虹,62.225597494991135,44.67411982508763,97.32855283479816,2.0
000333.SZ,333,美的集团,93.2080410061396,88.90512628157938,101.81387045526004,0.0
000338.SZ,338,潍柴动力,89.86115604436046,88.99959482381018,91.58427848546104,0.0
000400.SZ,400,许继电气,75.83115405350668,62.095632717826405,103.30219672486724,0.0
000401.SZ,401,冀东水泥,86.20651752734639,78.84368176764649,100.93218904674625,0.0
000402.SZ,402,金融街,91.1521504993009,85.06153553073122,103.33338043644028,0.0
000403.SZ,403,派林生物,67.34904352105146,55.16778723773844,91.71155608767752,2.0
000404.SZ,404,长虹华意,66.82834081042867,46.98742393493508,106.51017456141584,2.0
000407.SZ,407,胜利股份,75.51560277142681,57.27346155048663,111.99988521330718,0.0
000408.SZ,408,藏格矿业,74.87394786878289,57.562185232567415,109.49747314121385,0.0
000411.SZ,411,英特集团,72.87589019394187,52.96515046027351,112.6973696612786,0.0
000413.SZ,413,东旭光电,70.35750821309267,53.45421367579654,104.16409728768494,2.0
000415.SZ,415,渤海租赁,59.07884611288457,39.476834157162095,98.28287002432953,2.0
000416.SZ,416,民生控股,78.96086741351945,60.61511419997294,115.65237384061248,0.0
000417.SZ,417,合肥百货,40.033593167700026,34.017430740363004,52.06591802237408,1.0
000419.SZ,419,通程控股,32.53949927383776,31.9066980808202,33.80510165987289,1.0
000420.SZ,420,吉林化纤,79.04534209328312,60.06585176234871,117.00432275515196,0.0
000421.SZ,421,南京公用,77.88560171983953,62.52875952139821,108.59928611672214,0.0
000422.SZ,422,湖北宜化,57.90282391637992,60.57982416479419,52.54882341955138,1.0
000423.SZ,423,东阿阿胶,88.6539543412307,79.62079705699185,106.7202689097084,0.0
000425.SZ,425,徐工机械,88.26044267948608,75.8807144443326,113.01989914979303,0.0
000426.SZ,426,兴业矿业,83.5130455012279,69.07848533786529,112.38216582795307,0.0
000428.SZ,428,华天酒店,74.28593355191397,58.00811631477805,106.84156802618584,0.0
000429.SZ,429,粤高速A,85.71208394851801,86.79822518609026,83.53980147337353,0.0
000430.SZ,430,张家界,78.20451751280314,59.980450780488326,114.65265097743276,0.0
000488.SZ,488,晨鸣纸业,77.71471171153955,59.16055328414967,114.8230285663193,0.0
000498.SZ,498,山东路桥,75.51889132863421,55.65488375775975,115.24690647038317,0.0
000501.SZ,501,鄂武商A,70.87486802955726,56.50761374815925,99.6093765923533,0.0
000503.SZ,503,国新健康,61.205243269861256,44.538983789050754,94.53776223148226,2.0
000504.SZ,504,南华生物,86.23838627514304,77.01249266026389,104.69017350490134,0.0
000505.SZ,505,京粮控股,53.24530435551048,43.45422943485299,72.82745419682544,2.0
000506.SZ,506,中润资源,52.76302428784247,38.31267119753697,81.66373046845345,2.0
000507.SZ,507,珠海港,73.87599889481882,57.65573724382433,106.3165221968078,0.0
000510.SZ,510,新金路,57.67233274808854,47.03493120747687,78.94713582931189,2.0
000513.SZ,513,丽珠集团,85.56669795501492,73.67805027410668,109.34399331683142,0.0
000514.SZ,514,渝开发,68.37314208708662,46.39861179003164,112.3222026811966,2.0
000517.SZ,517,荣安地产,69.6846072683317,52.21564334503702,104.62253511492104,2.0
000518.SZ,518,四环生物,79.48906656189261,56.32418033399885,125.81883901768012,0.0
000519.SZ,519,中兵红箭,73.68944171024008,55.86548302740784,109.33735907590452,0.0
000520.SZ,520,长航凤凰,65.80299110130218,66.43229692335554,64.54437945719548,2.0
000521.SZ,521,长虹美菱,64.35325153514917,45.0914023307754,102.8769499438967,2.0
000524.SZ,524,岭南控股,77.70158161265151,58.69697182410738,115.71080118973975,0.0
000526.SZ,526,学大教育,65.65376318236119,53.68953990533733,89.58220973640891,2.0
000528.SZ,528,柳工,86.89450066974352,79.55536963475531,101.57276273971992,0.0
000529.SZ,529,广弘控股,79.72046303411346,69.73704309913322,99.68730290407396,0.0
000530.SZ,530,冰山冷热,46.90886846676261,33.23371679691056,74.25917180646672,1.0
000531.SZ,531,穗恒运A,30.31446597147245,24.81671842932623,41.3099610557649,1.0
000532.SZ,532,华金资本,46.04694740428419,35.60787518875792,66.92509183533673,1.0
000533.SZ,533,顺钠股份,60.68663448853246,42.89926419621358,96.26137507317024,2.0
000534.SZ,534,万泽股份,42.43058486337422,36.5182101590976,54.25533427192747,1.0
000536.SZ,536,华映科技,75.12772012084241,52.82980333199995,119.72355369852734,0.0
000537.SZ,537,广宇发展,72.41509219634519,56.3852103326246,104.47485592378634,0.0
000538.SZ,538,云南白药,84.39190442794339,78.94177212807799,95.2921690276742,0.0
000539.SZ,539,粤电力A,62.55490672819781,42.21301173415458,103.23869671628424,2.0
000540.SZ,540,中天金融,73.88449349591535,56.10710384411564,109.43927279951475,0.0
000541.SZ,541,佛山照明,79.9577930691504,62.840436209250655,114.19250678894988,0.0
000543.SZ,543,皖能电力,81.87424916474234,74.34748077368286,96.92778594686128,0.0
000544.SZ,544,中原环保,79.39942035413432,60.11181301971405,117.97463502297488,0.0
000545.SZ,545,金浦钛业,48.37782012114981,35.68690757918205,73.75964520508535,1.0
000546.SZ,546,金圆股份,69.12756894381901,54.41761284791362,98.5474811356298,2.0
000547.SZ,547,航天发展,81.96521795283874,77.28613645776761,91.323380942981,0.0
000548.SZ,548,湖南投资,52.08277535613505,36.11955725200571,84.00921156439374,2.0
000550.SZ,550,江铃汽车,81.05192769966587,81.26765497259113,80.62047315381534,0.0
000551.SZ,551,创元科技,72.72724723192573,51.35484146544334,115.4720587648905,0.0
000552.SZ,552,靖远煤电,67.09670992775528,52.18780871751696,96.91451234823194,2.0
000553.SZ,553,安道麦A,83.5670850073784,75.31645455359367,100.06834591494784,0.0
000554.SZ,554,泰山石油,54.93556142642399,40.57608672453191,83.65451083020814,2.0
000555.SZ,555,神州信息,46.39754616651465,34.263924213121896,70.66479007330017,1.0
000557.SZ,557,西部创业,80.33940673585514,63.96737613175557,113.08346794405426,0.0
000558.SZ,558,莱茵体育,28.610723021322435,26.16896447145553,33.49424012105625,1.0
000559.SZ,559,万向钱潮,81.7029168147715,67.54408150259943,110.02058743911564,0.0
000560.SZ,560,我爱我家,51.6581941813222,43.97933475336959,67.01591303722745,1.0
000561.SZ,561,烽火电子,71.16707081316422,51.855953650864,109.78930513776464,0.0
000563.SZ,563,陕国投A,77.21254273274687,64.2082857570953,103.22105668405,0.0
000565.SZ,565,渝三峡A,64.14054707209033,49.55545398990741,93.31073323645616,2.0
000566.SZ,566,海南海药,78.26569406439256,59.14471653991495,116.50764911334778,0.0
000567.SZ,567,海德股份,71.63621360491588,50.29070628201194,114.32722825072376,0.0
000568.SZ,568,泸州老窖,79.80677402511637,72.89678751757148,93.62674704020614,0.0
000570.SZ,570,苏常柴A,24.61992510064624,23.783817761728308,26.292139778482092,1.0
000572.SZ,572,海马汽车,52.6653131602026,38.35055843291602,81.29482261477577,2.0
000573.SZ,573,粤宏远A,71.31193233049328,49.8418000005813,114.25219699031724,0.0
000576.SZ,576,甘化科工,68.2959140168316,61.82693601885576,81.23387001278329,2.0
000581.SZ,581,威孚高科,92.11749607207204,90.07801254663096,96.19646312295416,0.0
000582.SZ,582,北部湾港,78.46544802259129,60.4862540254838,114.42383601680626,0.0
000584.SZ,584,哈工智能,68.4983467545353,48.03433171005544,109.42637684349504,2.0
000586.SZ,586,汇源通信,63.694016164140905,47.28923159521628,96.50358530199014,2.0
000589.SZ,589,贵州轮胎,76.62911815846654,58.43694737750592,113.01345972038776,0.0
000590.SZ,590,启迪药业,44.71575284011891,32.95742777641678,68.23240296752317,1.0
000591.SZ,591,太阳能,81.89880544237967,76.12890360636851,93.43860911440196,0.0
000592.SZ,592,平潭发展,57.438229128086114,44.48268854567168,83.34931029291499,2.0
000593.SZ,593,德龙汇能,58.48235602321406,40.8820112468957,93.68304557585076,2.0
000595.SZ,595,宝塔实业,56.21725153894516,36.41271218837785,95.82633024007978,2.0
000596.SZ,596,古井贡酒,86.12414305444284,82.5442561722217,93.28391681888516,0.0
000597.SZ,597,东北制药,80.88860392249013,71.4693577853343,99.72709619680182,0.0
000598.SZ,598,兴蓉环境,85.3754237918188,80.93293480522557,94.2604017650053,0.0
000599.SZ,599,青岛双星,73.58716133014946,54.428841654306126,111.90380068183612,0.0
000600.SZ,600,建投能源,76.9900996313363,70.8738475240248,89.22260384595933,0.0
000601.SZ,601,韶能股份,53.2212016566244,41.37256972148285,76.9184655269075,2.0
000603.SZ,603,盛达资源,63.41919246906471,55.948662466476506,78.36025247424112,2.0
000605.SZ,605,渤海股份,54.88072342563916,37.538733075336566,89.56470412624435,2.0
000607.SZ,607,华媒控股,66.72021101194515,46.591914305848775,106.97680442413792,2.0
000608.SZ,608,阳光股份,55.61653393746208,41.32464043087474,84.20032095063678,2.0
000610.SZ,610,西安旅游,52.81736871484016,39.93353974554614,78.5850266534282,2.0
000612.SZ,612,焦作万方,36.26600372295011,29.46884867291801,49.86031382301431,1.0
000615.SZ,615,奥园美谷,66.03391033124507,49.85135481048641,98.39902137276238,2.0
000617.SZ,617,中油资本,78.98785582885256,68.78661943373032,99.39032861909703,0.0
000619.SZ,619,海螺型材,73.48865778085866,65.08386563869112,90.29824206519372,0.0
000620.SZ,620,新华联,70.70099313262435,52.43992757111981,107.22312425563342,0.0
000622.SZ,622,恒立实业,40.85228098804232,28.54180836258116,65.47322623896466,1.0
000623.SZ,623,吉林敖东,80.49513690578888,67.52697659591122,106.4314575255442,0.0
000625.SZ,625,长安汽车,74.82082641945951,74.06597952144338,76.33052021549176,0.0
000626.SZ,626,远大控股,70.2359341051701,50.09256220915315,110.52267789720402,0.0
000627.SZ,627,天茂集团,50.12715809556031,42.81865482070327,64.74416464527441,1.0
000628.SZ,628,高新发展,53.50743832785098,40.01538931003305,80.49153636348682,2.0
000629.SZ,629,攀钢钒钛,56.34861273293855,43.66683615424189,81.71216589033187,2.0
000630.SZ,630,铜陵有色,82.01121268644155,66.66513944915346,112.70335916101774,0.0
000631.SZ,631,顺发恒业,81.07734688493535,64.10129734723219,115.02944596034166,0.0
000632.SZ,632,三木集团,70.40425567930153,51.398784594307465,108.41519784928968,0.0
000633.SZ,633,合金投资,70.81020329288685,61.11276565037343,90.2050785779137,2.0
000635.SZ,635,英力特,66.33858830345068,44.512854653563366,109.9900556032253,2.0
000636.SZ,636,风华高科,68.01555057406847,52.40200920072207,99.24263332076129,2.0
000637.SZ,637,茂化实华,28.744095399458708,32.75916500275981,20.713956192856514,1.0
000639.SZ,639,西王食品,65.12589671337943,62.39261507564535,70.5924599888476,2.0
000650.SZ,650,仁和药业,78.27500710304518,62.070418755376615,110.6841837983823,0.0
000651.SZ,651,格力电器,94.61567905749052,91.37565617260744,101.09572482725667,0.0
000652.SZ,652,泰达股份,57.16787259780568,46.84529442338973,77.81302894663759,2.0
000655.SZ,655,金岭矿业,73.35805015472287,65.36138115399933,89.35138815616995,0.0
000656.SZ,656,金科股份,71.2008591356336,66.3655970312544,80.87138334439203,2.0
000657.SZ,657,中钨高新,71.70078897904821,51.47050645981666,112.16135401751131,0.0
000659.SZ,659,珠海中富,67.17335086052326,50.867841716429496,99.78436914871077,2.0
000661.SZ,661,长春高新,84.12034559372222,74.68496780901583,102.991101163135,0.0
000663.SZ,663,永安林业,36.08284798734285,26.532258292322837,55.18402737738288,1.0
000665.SZ,665,湖北广电,61.569501679408354,42.30836223681709,100.09178056459088,2.0
000666.SZ,666,经纬纺机,73.70398752759016,50.84798538392612,119.41599181491824,0.0
000667.SZ,667,美好置业,88.36780346368502,77.72271801826057,109.6579743545339,0.0
000668.SZ,668,荣丰控股,79.37717652980925,60.68779763610152,116.7559343172247,0.0
000671.SZ,671,阳光城,80.18601472410738,75.3354770567031,89.88709005891593,0.0
000672.SZ,672,上峰水泥,75.9748334877543,69.00109944649394,89.92230157027501,0.0
000676.SZ,676,智度股份,81.97108145571073,68.15379390139206,109.60565656434808,0.0
000677.SZ,677,恒天海龙,63.99972666657826,44.66658580743961,102.66600838485556,2.0
000678.SZ,678,襄阳轴承,61.34662360924664,61.664544409328286,60.71078200908335,1.0
000679.SZ,679,大连友谊,53.40349611479317,37.37704023495452,85.45640787447044,2.0
000680.SZ,680,山推股份,68.65333776403054,48.50190954037098,108.95619421134964,2.0
000681.SZ,681,视觉中国,65.64891772726097,52.29247883261509,92.36179551655272,2.0
000682.SZ,682,东方电子,67.81450381283213,56.31526907179648,90.81297329490344,2.0
000683.SZ,683,远兴能源,78.58699898153,66.92339821973083,101.91420050512836,0.0
000685.SZ,685,中山公用,82.47661055673655,67.53097054660431,112.36789057700102,0.0
000686.SZ,686,东北证券,81.36069711187542,68.8608955011485,106.36030033332926,0.0
000688.SZ,688,国城矿业,65.85709276905776,64.14867499652456,69.27392831412413,2.0
000690.SZ,690,宝新能源,82.71348356281459,68.10678633360725,111.92687802122929,0.0
000691.SZ,691,亚太实业,71.18494470534701,54.21856564040273,105.11770283523558,0.0
000692.SZ,692,惠天热电,86.53228494035514,69.5511587649377,120.49453729119006,0.0
000695.SZ,695,滨海能源,75.38408248123642,64.26883607542857,97.61457529285212,0.0
000697.SZ,697,炼石航空,40.02596453384449,28.101584754245565,63.87472409304233,1.0
000698.SZ,698,沈阳化工,66.33163359439315,48.21623037932183,102.5624400245358,2.0
000700.SZ,700,模塑科技,62.67025333910039,49.67960563774429,88.6515487418126,2.0
000701.SZ,701,厦门信达,62.377707690296894,40.04653421490684,107.040054641077,2.0
000702.SZ,702,正虹科技,74.03971517163032,59.266063231666,103.58701905155895,0.0
000703.SZ,703,恒逸石化,84.21840995392097,78.25946057330356,96.1363087151558,0.0
000705.SZ,705,浙江震元,67.75665535490435,51.03526503524548,101.1994359942221,2.0
000707.SZ,707,双环科技,47.79592358503457,42.82944791963887,57.72887491582597,1.0
000709.SZ,709,河钢股份,83.96861069399965,75.08340510013596,101.739021881727,0.0
000710.SZ,710,贝瑞基因,83.9549554127718,76.31781235802731,99.22924152226076,0.0
000711.SZ,711,京蓝科技,28.55390128308537,20.73586594019769,44.18997196886073,1.0
000712.SZ,712,锦龙股份,70.64368349248113,50.88794791710561,110.15515464323217,0.0
000713.SZ,713,丰乐种业,49.632471971134336,40.04616637630686,68.80508316078928,1.0
000715.SZ,715,中兴商业,22.48190181876169,25.2330148451278,16.979675766029473,1.0
000716.SZ,716,黑芝麻,71.71982707088875,52.08477029369821,110.98994062526984,0.0
000717.SZ,717,韶钢松山,81.46355034028304,70.7997507613474,102.79114949815433,0.0
000718.SZ,718,苏宁环球,84.27272168118267,75.2988601961279,102.2204446512922,0.0
000719.SZ,719,中原传媒,86.07743253385891,75.4711284572068,107.29004068716316,0.0
000720.SZ,720,新能泰山,79.99487090079973,65.17287481736847,109.63886306766224,0.0
000721.SZ,721,西安饮食,70.71203837536972,51.31496959257039,109.50617594096836,0.0
000722.SZ,722,湖南发展,68.48987089979546,51.4741721138095,102.5212684717674,2.0
000723.SZ,723,美锦能源,56.76689531120557,46.90435054492112,76.49198484377446,2.0
000725.SZ,725,京东方A,81.9275256241549,63.85082861474149,118.08091964298173,0.0
000726.SZ,726,鲁泰A,88.52016492022699,82.56855039423314,100.42339397221468,0.0
000727.SZ,727,冠捷科技,71.831329086746,55.58950424406525,104.31497877210748,0.0
000728.SZ,728,国元证券,72.84578735643122,63.23545698018093,92.06644810893178,0.0
000729.SZ,729,燕京啤酒,77.21417708179287,74.16432648886179,83.31387826765504,0.0
000731.SZ,731,四川美丰,77.27840468348442,63.28007184127705,105.27507036789916,0.0
000732.SZ,732,泰禾集团,66.74157550222985,53.44482518886278,93.33507612896398,2.0
000733.SZ,733,振华科技,80.4738033165708,65.08575711148737,111.24989572673763,0.0
000735.SZ,735,罗牛山,58.86975910296518,49.76799495425408,77.07328740038739,2.0
000736.SZ,736,中交地产,70.07096685573308,66.2403077753078,77.73228501658363,2.0
000737.SZ,737,北方铜业,79.30959080717975,68.70651642445506,100.51573957262912,0.0
000738.SZ,738,航发控制,75.81958934742423,63.11141705356266,101.23593393514736,0.0
000739.SZ,739,普洛药业,84.92884757370031,80.28693796754783,94.21266678600529,0.0
000750.SZ,750,国海证券,64.63363118792742,48.48836662494475,96.92416031389276,2.0
000751.SZ,751,锌业股份,60.36239699515629,48.84429912096652,83.39859274353581,2.0
000753.SZ,753,漳州发展,68.38900396038136,50.33432011499848,104.49837165114712,2.0
000755.SZ,755,山西路桥,77.42793366007382,59.42761933688529,113.42856230645089,0.0
000756.SZ,756,新华制药,80.24829811392874,63.85460743993311,113.03567946192,0.0
000757.SZ,757,浩物股份,71.81403419785951,57.77071438268022,99.9006738282181,0.0
000758.SZ,758,中色股份,72.8275774870206,54.68140577415471,109.11992091275238,0.0
000759.SZ,759,中百集团,43.26698177503749,40.7276260649359,48.345693195240685,1.0
000761.SZ,761,本钢板材,70.63417177815322,53.45011397072364,105.00228739301238,0.0
000762.SZ,762,西藏矿业,74.69779738110284,55.79339636791544,112.50659940747768,0.0
000766.SZ,766,通化金马,75.28878628615215,56.31245333642315,113.24145218561014,0.0
000767.SZ,767,晋控电力,64.1790500442081,46.62126476395434,99.2946206047156,2.0
000768.SZ,768,中航西飞,81.34616220002552,69.80196746699042,104.43455166609571,0.0
000776.SZ,776,广发证券,73.60841979706419,54.510089215172805,111.80508096084696,0.0
000777.SZ,777,中核科技,58.37826580503552,56.47267667695587,62.18944406119482,1.0
000778.SZ,778,新兴铸管,84.29345201012234,73.14271535302365,106.59492532431972,0.0
000779.SZ,779,甘咨询,78.43838369568155,68.89786483732301,97.51942141239864,0.0
000782.SZ,782,美达股份,67.22232486445778,45.72612892190647,110.21471674956038,2.0
000783.SZ,783,长江证券,73.06092719247664,54.77419533324333,109.63439091094328,0.0
000786.SZ,786,北新建材,85.83088406069373,84.94973861130681,87.59317495946758,0.0
000788.SZ,788,北大医药,76.50542945605443,58.58874238797169,112.3388035922199,0.0
000789.SZ,789,万年青,80.3302747946142,72.7317272796231,95.5273698245964,0.0
000790.SZ,790,华神科技,62.17422011704658,47.93618597653116,90.6502883980774,2.0
000791.SZ,791,甘肃电投,79.30367596764296,60.31292956930038,117.28516876432812,0.0
000792.SZ,792,盐湖股份,68.44883658919426,50.01385718892437,105.31879538973403,2.0
000793.SZ,793,华闻集团,61.95533005449179,45.06237485593938,95.7412404515966,2.0
000795.SZ,795,英洛华,66.254554630653,49.45824973397514,99.84716442400874,2.0
000796.SZ,796,凯撒旅业,36.09992806071189,28.67506828644997,50.949647609235726,1.0
000797.SZ,797,中国武夷,83.02113517226707,65.26494320741966,118.53351910196189,0.0
000798.SZ,798,中水渔业,63.21406057866468,42.544924373578624,104.55233298883678,2.0
000799.SZ,799,酒鬼酒,85.6337574976924,74.83811753080059,107.22503743147604,0.0
000800.SZ,800,一汽解放,74.49398702769923,57.744233027412406,107.99349502827287,0.0
000801.SZ,801,四川九洲,75.80503175259045,64.08092822330639,99.25323881115858,0.0
000803.SZ,803,北清环能,62.57035568750708,47.22422459729813,93.26261786792496,2.0
000807.SZ,807,云铝股份,42.52123503656046,32.38049513043581,62.80271484880977,1.0
000809.SZ,809,铁岭新城,73.03137490678932,53.94419547854328,111.20573376328142,0.0
000810.SZ,810,创维数字,79.24843685281569,74.00800329769035,89.72930396306634,0.0
000811.SZ,811,冰轮环境,41.92216339022699,34.62973861443675,56.50701294180749,1.0
000812.SZ,812,陕西金叶,59.65946437664613,52.2920450121255,74.39430310568738,2.0
000813.SZ,813,德展健康,48.07444025678095,49.19419926092195,45.83492224849897,1.0
000815.SZ,815,美利云,67.20165681960577,51.71640392960423,98.17216259960884,2.0
000816.SZ,816,智慧农业,73.67617916747841,63.97212708248296,93.0842833374693,0.0
000818.SZ,818,航锦科技,78.95466130660907,64.51367672542274,107.83663046898172,0.0
000819.SZ,819,岳阳兴长,74.5900424804664,56.67771400690143,110.41469942759632,0.0
000821.SZ,821,京山轻机,65.43044072971364,49.12529895494711,98.04072427924667,2.0
000822.SZ,822,山东海化,75.70167133756445,59.1500406738938,108.80493266490576,0.0
000823.SZ,823,超声电子,64.16641658388798,49.31907240527118,93.86110494112158,2.0
000825.SZ,825,太钢不锈,85.44411123765273,78.32713461965275,99.67806447365268,0.0
000826.SZ,826,启迪环境,74.86308489855578,53.87856083676122,116.83213302214492,0.0
000828.SZ,828,东莞控股,84.94876892177734,78.27400479339742,98.29829717853718,0.0
000829.SZ,829,天音控股,65.94490815735811,49.6746001793807,98.48552411331296,2.0
000830.SZ,830,鲁西化工,85.85594807614036,87.7093070670995,82.1492300942221,0.0
000831.SZ,831,五矿稀土,76.4139665536009,61.805649223084544,105.6306012146336,0.0
000833.SZ,833,粤桂股份,61.18728314167311,49.282701069231045,84.99644728655726,2.0
000836.SZ,836,富通信息,71.91544218380395,54.76729573271371,106.21173508598442,0.0
000837.SZ,837,秦川机床,58.75992501410613,40.33084787428663,95.61807929374513,2.0
000838.SZ,838,财信发展,67.08682069821803,45.322196021455824,110.61607005174244,2.0
000839.SZ,839,中信国安,74.03845129467409,58.9110654642614,104.29322295549947,0.0
000848.SZ,848,承德露露,77.6495436147487,61.14839915382196,110.65183253660216,0.0
000850.SZ,850,华茂股份,74.80972626089257,57.768055020942896,108.89306874079192,0.0
000851.SZ,851,高鸿股份,53.7836470671703,37.16920386729903,87.01253346691283,2.0
000852.SZ,852,石化机械,60.80901873208033,42.39158545673784,97.6438852827653,2.0
000856.SZ,856,冀东装备,52.13248894251843,36.173234833282194,84.0509971609909,2.0
000858.SZ,858,五粮液,93.03077007058218,90.67403567914164,97.7442388534632,0.0
000859.SZ,859,国风新材,82.37257071218814,61.48336488701023,124.15098236254396,0.0
000860.SZ,860,顺鑫农业,79.1951070645132,81.11505405311456,75.35521308731046,0.0
000861.SZ,861,海印股份,78.52912434415671,67.2704995504495,101.04637393157114,0.0
000862.SZ,862,银星能源,93.4803018866094,79.83890696805099,120.76309172372623,0.0
000863.SZ,863,三湘印象,71.3650493376617,58.01559930013569,98.06394941271373,0.0
000868.SZ,868,安凯客车,30.327665577152217,24.920362779004464,41.142271173447725,1.0
000869.SZ,869,张裕A,83.5740345998536,69.11533519241951,112.4914334147218,0.0
000875.SZ,875,吉电股份,72.70888995003821,54.525128431761296,109.07641298659205,0.0
000876.SZ,876,新希望,76.06948310652515,79.80703708993315,68.59437513970917,0.0
000877.SZ,877,天山股份,80.94981212388255,78.58302511757205,85.68338613650354,0.0
000878.SZ,878,云南铜业,79.23028504187725,67.77434976999992,102.14215558563193,0.0
000880.SZ,880,潍柴重机,30.94251252028528,28.993010592811647,34.84151637523254,1.0
000881.SZ,881,中广核技,67.54731043646828,57.21271216138481,88.21650698663522,2.0
000882.SZ,882,华联股份,43.60232819212271,39.62327217443677,51.56044022749458,1.0
000883.SZ,883,湖北能源,80.19395772925378,64.52732247183485,111.52722824409165,0.0
000885.SZ,885,城发环境,77.10347150442114,57.56247666240098,116.18546118846146,0.0
000886.SZ,886,海南高速,60.67561094446158,54.53770834107103,72.95141615124267,2.0
000887.SZ,887,中鼎股份,77.24159923763946,59.25496430595658,113.21486910100522,0.0
000888.SZ,888,峨眉山A,76.4618989931908,66.04836976380278,97.28895745196684,0.0
000889.SZ,889,中嘉博创,75.9285475609085,61.48860562128511,104.80843144015527,0.0
000890.SZ,890,法尔胜,47.718479583441,33.45015127327471,76.25513620377359,1.0
000892.SZ,892,欢瑞世纪,46.777820982508445,37.13654523302991,66.06037248146552,1.0
000893.SZ,893,亚钾国际,63.43279885593363,48.25260921793004,93.79317813194082,2.0
000897.SZ,897,津滨发展,42.67061103456624,32.96067197597072,62.09048915175727,1.0
000898.SZ,898,鞍钢股份,83.2731006455781,72.9302084696795,103.95888499737528,0.0
000899.SZ,899,赣能股份,81.70489254416916,69.57104927220249,105.97257908810248,0.0
000900.SZ,900,现代投资,84.49367113367184,70.73602654352442,112.00896031396668,0.0
000901.SZ,901,航天科技,76.40066481473868,59.84924090527467,109.5035126336667,0.0
000902.SZ,902,新洋丰,82.47936533241905,73.59847464427693,100.2411467087033,0.0
000903.SZ,903,云内动力,53.94696590567786,41.71002950280385,78.42083871142589,2.0
000905.SZ,905,厦门港务,73.44180820715133,51.49423175690582,117.33696110764234,0.0
000906.SZ,906,浙商中拓,72.00067627429604,59.18269312755283,97.63664256778246,0.0
000908.SZ,908,景峰医药,61.011891424885526,48.99116438819139,85.05334549827379,2.0
000909.SZ,909,数源科技,66.75428011496875,46.93614961947968,106.39054110594688,2.0
000910.SZ,910,大亚圣象,85.73485044915944,82.99739323301398,91.20976488145033,0.0
000911.SZ,911,南宁糖业,49.55848042493906,42.964958091278405,62.74552509226038,1.0
000912.SZ,912,泸天化,82.23060692998394,72.88984807659946,100.91212463675288,0.0
000913.SZ,913,钱江摩托,74.52427714681968,56.376147803422015,110.82053583361504,0.0
000915.SZ,915,华特达因,89.02502983481837,80.53697623870417,106.00113702704677,0.0
000917.SZ,917,电广传媒,54.008902305097486,36.696519714387634,88.6336674865172,2.0
000918.SZ,918,嘉凯城,69.27756690071598,54.7865917210125,98.25951726012296,2.0
000919.SZ,919,金陵药业,61.266179136981535,45.09511074683047,93.60831591728368,2.0
000920.SZ,920,沃顿科技,31.25629954419307,28.88356540247959,36.00176782762003,1.0
000921.SZ,921,海信家电,88.10255796786149,84.41140356907152,95.48486676544144,0.0
000922.SZ,922,佳电股份,69.10068441930065,52.71654701613694,101.86895922562806,2.0
000923.SZ,923,河钢资源,73.39988923146095,52.12320604853791,115.95325559730702,0.0
000925.SZ,925,众合科技,45.909503929368974,43.45071502519201,50.82708173772289,1.0
000926.SZ,926,福星股份,79.91869758126448,68.51420332592924,102.72768609193494,0.0
000927.SZ,927,中国铁物,68.15236262422503,52.62210077003856,99.212886332598,2.0
000928.SZ,928,中钢国际,72.48885295934632,54.12868611336735,109.20918665130424,0.0
000929.SZ,929,兰州黄河,59.83626522281463,42.43469436089791,94.63940694664808,2.0
000930.SZ,930,中粮科技,57.87102289709268,45.22858940350574,83.15588988426657,2.0
000931.SZ,931,中关村,59.532501688201,48.9853051515849,80.62689476143318,2.0
000932.SZ,932,华菱钢铁,81.82265231351984,79.69994016957605,86.06807660140743,0.0
000933.SZ,933,神火股份,60.21584232021968,46.20908433928676,88.22935828208551,2.0
000935.SZ,935,四川双马,71.64586836730388,59.11693858407116,96.70372793376931,0.0
000936.SZ,936,华西股份,44.67606114409888,30.177623121554923,73.67293718918681,1.0
000937.SZ,937,冀中能源,72.15757846563343,52.83443087760119,110.80387364169792,0.0
000938.SZ,938,紫光股份,70.80461413075771,59.25592802724412,93.90198633778488,2.0
000948.SZ,948,南天信息,62.3966230900542,44.19587839858872,98.79811247298515,2.0
000949.SZ,949,新乡化纤,75.61613333916904,55.271452929661166,116.3054941581848,0.0
000950.SZ,950,重药控股,74.34240933398499,54.132542695314,114.76214261132696,0.0
000951.SZ,951,中国重汽,84.85574607364151,82.4878970895332,89.59144404185813,0.0
000952.SZ,952,广济药业,80.86481930381771,61.42705088779644,119.74035613586024,0.0
000953.SZ,953,河化股份,62.47593274464526,45.76665534914604,95.89448753564372,2.0
000955.SZ,955,欣龙控股,69.58496549853538,52.53503520923449,103.68482607713716,2.0
000957.SZ,957,中通客车,67.06731590445898,48.707673516455145,103.78660068046663,2.0
000958.SZ,958,东方能源,58.79155943996949,53.025664197106416,70.32334992569564,2.0
000959.SZ,959,首钢股份,82.84569757483092,71.06666156158838,106.403769601316,0.0
000960.SZ,960,锡业股份,80.29071516208616,66.99917748514919,106.87379051596012,0.0
000961.SZ,961,中南建设,87.40653232056556,79.70639424105714,102.80680847958236,0.0
000962.SZ,962,东方钽业,73.00345867969116,58.15052392008066,102.70932819891216,0.0
000963.SZ,963,华东医药,83.72694223932169,72.19876929791688,106.7832881221313,0.0
000965.SZ,965,天保基建,54.37378822704797,41.54216207872008,80.03704052370377,2.0
000966.SZ,966,长源电力,70.9314600237214,54.63570010305435,103.5229798650555,0.0
000967.SZ,967,盈峰环境,82.03697562028908,64.64502997968975,116.82086690148776,0.0
000968.SZ,968,蓝焰控股,85.29142553629445,79.18997973725726,97.49431713436884,0.0
000969.SZ,969,安泰科技,37.99507594445551,30.21265663116943,53.55991457102766,1.0
000970.SZ,970,中科三环,80.63039014203653,61.92416110527715,118.0428482155553,0.0
000973.SZ,973,佛塑科技,72.34893999440126,56.97619068810617,103.09443860699145,0.0
000975.SZ,975,银泰黄金,83.80071357527038,79.88400089701133,91.63413893178848,0.0
000976.SZ,976,华铁股份,70.32727410026874,47.66590185082004,115.65001859916612,0.0
000977.SZ,977,浪潮信息,88.13716144429485,80.0664065839607,104.27867116496311,0.0
000978.SZ,978,桂林旅游,79.65309353128235,62.437245624428456,114.08478934499011,0.0
000982.SZ,982,中银绒业,66.96161986874169,49.89601446606066,101.09283067410374,2.0
000983.SZ,983,山西焦煤,84.83063534391982,73.0696417955469,108.35262244066568,0.0
000985.SZ,985,大庆华科,62.96481149544383,44.22339739956288,100.44763968720572,2.0
000988.SZ,988,华工科技,79.47339383091293,60.47896191564205,117.46225766145469,0.0
000989.SZ,989,九芝堂,70.70334019328978,56.499070709967526,99.11187915993428,2.0
000990.SZ,990,诚志股份,65.86097038524998,51.03896652994336,95.50497809586324,2.0
000993.SZ,993,闽东电力,59.45609663631748,41.824947709970274,94.7183944890119,2.0
000995.SZ,995,皇台酒业,58.63630968406968,39.045612630640925,97.81770379092718,2.0
000997.SZ,997,新大陆,81.5969501417451,71.60754574625945,101.5757589327164,0.0
000998.SZ,998,隆平高科,67.79500164451679,51.472593064780405,100.43981880398955,2.0
000999.SZ,999,华润三九,78.46178240094775,59.22195513137856,116.94143694008612,0.0
001696.SZ,1696,宗申动力,47.948670742345406,48.90004387153682,46.04592448396258,1.0
001872.SZ,1872,招商港口,71.52941458646734,59.340850341210405,95.9065430769812,0.0
001896.SZ,1896,豫能控股,65.87862063472365,50.13481628006844,97.36622934403408,2.0
001914.SZ,1914,招商积余,74.86376309360904,57.23612950377632,110.11903027327448,0.0
001965.SZ,1965,招商公路,81.4515227057105,75.99104321939885,92.37248167833384,0.0
001979.SZ,1979,招商蛇口,85.2271843651469,83.30519632203479,89.0711604513711,0.0
002001.SZ,2001,新和成,83.06169577212302,76.62798345698363,95.9291204024018,0.0
002002.SZ,2002,鸿达兴业,73.74299321880952,64.93737287158031,91.35423391326792,0.0
002003.SZ,2003,伟星股份,80.57918394001261,70.47353442291165,100.79048297421453,0.0
002004.SZ,2004,华邦健康,81.02062510070019,64.0762107516783,114.90945379874395,0.0
002006.SZ,2006,精功科技,56.99964300184895,42.754874059147085,85.48918088725267,2.0
002007.SZ,2007,华兰生物,86.3242835173843,83.30590111118872,92.36104832977549,0.0
002008.SZ,2008,大族激光,84.39664040750537,82.9819302340843,87.22606075434751,0.0
002009.SZ,2009,天奇股份,79.14317311469075,64.47773443073552,108.47405048260124,0.0
002010.SZ,2010,传化智联,64.37089526941577,59.05610614925186,75.00047350974359,2.0
002011.SZ,2011,盾安环境,55.621180437969535,47.29467773720528,72.27418583949805,2.0
002012.SZ,2012,凯恩股份,36.58056015230925,29.282427278359197,51.176825900209366,1.0
002013.SZ,2013,中航机电,78.61700756553888,63.69778977521898,108.45544314617872,0.0
002014.SZ,2014,永新股份,58.92224320034074,57.23265046961049,62.301428661801225,1.0
002015.SZ,2015,协鑫能科,45.65359101485927,39.80660623568701,57.34756057320379,1.0
002016.SZ,2016,世荣兆业,81.78614636155856,70.6777185442852,104.0030019961053,0.0
002017.SZ,2017,东信和平,75.09402096307728,53.28350172615808,118.71505943691568,0.0
002019.SZ,2019,亿帆医药,71.7719794660153,50.2012778584413,114.91338268116328,0.0
002020.SZ,2020,京新药业,84.11737064213632,71.49511331985605,109.36188528669686,0.0
002022.SZ,2022,科华生物,69.92163626302218,48.576568639562566,112.6117715099414,0.0
002023.SZ,2023,海特高新,75.50722565756166,62.77438118325275,100.97291460617949,0.0
002024.SZ,2024,苏宁易购,81.77232926763584,67.16712135106802,110.9827451007715,0.0
002025.SZ,2025,航天电器,85.8018018269803,76.54659094554574,104.3122235898494,0.0
002026.SZ,2026,山东威达,77.62686303147333,59.65035316977878,113.57988275486244,0.0
002027.SZ,2027,分众传媒,85.18793709518064,70.8501917285931,113.86342782835573,0.0
002028.SZ,2028,思源电气,68.90028304611909,51.77300619690095,103.15483674455535,2.0
002029.SZ,2029,七匹狼,77.29842613554635,60.87261251852037,110.15005336959833,0.0
002030.SZ,2030,达安基因,77.66128391567553,57.12627146668376,118.73130881365906,0.0
002031.SZ,2031,巨轮智能,71.76140086270044,56.72052367003158,101.84315524803816,0.0
002032.SZ,2032,苏泊尔,86.49408522990802,79.16939574829598,101.1434641931321,0.0
002033.SZ,2033,丽江股份,83.21403267237969,73.64045168444687,102.36119464824532,0.0
002034.SZ,2034,旺能环境,83.05685672239954,73.99971044782043,101.17114927155777,0.0
002035.SZ,2035,华帝股份,78.66944720828594,75.82605587234598,84.3562298801659,0.0
002036.SZ,2036,联创电子,76.15532267214729,66.44172315603451,95.58252170437284,0.0
002037.SZ,2037,保利联合,80.2521232907645,68.90837165587611,102.93962656054129,0.0
002038.SZ,2038,双鹭药业,70.04152991773731,51.03158561137249,108.06141853046694,0.0
002039.SZ,2039,黔源电力,72.92707286680962,71.32489148347989,76.1314356334691,2.0
002040.SZ,2040,南京港,81.69984227857526,60.74424779954204,123.61103123664172,0.0
002041.SZ,2041,登海种业,59.34343715214911,40.74234424354992,96.54562296934748,2.0
002042.SZ,2042,华孚时尚,69.39548715915097,61.77632806234227,84.63380535276838,2.0
002043.SZ,2043,兔宝宝,75.86268498713272,57.46842896012524,112.6511970411477,0.0
002044.SZ,2044,美年健康,83.48213579435321,80.61552359273722,89.2153601975852,0.0
002045.SZ,2045,国光电器,66.8419994887884,49.34543919337522,101.83512007961475,2.0
002046.SZ,2046,国机精工,71.27375254171982,49.78192986543283,114.25739789429376,0.0
002047.SZ,2047,宝鹰股份,55.124227461008026,61.52072147632599,42.33123943037211,1.0
002048.SZ,2048,宁波华翔,80.55110159692686,69.61191796001879,102.429468870743,0.0
002049.SZ,2049,紫光国微,67.36647357695897,54.41635263959204,93.2667154516928,2.0
002050.SZ,2050,三花智控,78.8613291245006,70.84832932482058,94.88732872386063,0.0
002051.SZ,2051,中工国际,71.2577910121777,67.23913049801016,79.2951120405128,2.0
002053.SZ,2053,云南能投,74.51426516165331,62.661212268048615,98.2203709488627,0.0
002054.SZ,2054,德美化工,52.79865323018982,35.186892186612084,88.0221753173453,2.0
002055.SZ,2055,得润电子,78.48191094591067,69.26026944247494,96.92519395278214,0.0
002056.SZ,2056,横店东磁,84.6162214078928,71.85499395367195,110.13867631633448,0.0
002057.SZ,2057,中钢天源,70.6264754873163,52.93992432958325,105.9995778027824,0.0
002059.SZ,2059,云南旅游,42.235391280329225,35.43359288745376,55.83898806608016,1.0
002060.SZ,2060,粤水电,84.80371596927199,75.47170332769903,103.46774125241792,0.0
002061.SZ,2061,浙江交科,82.2573010137443,65.74204516572024,115.2878127097924,0.0
002062.SZ,2062,宏润建设,71.50730957114902,53.05241870427713,108.4170913048928,0.0
002063.SZ,2063,远光软件,66.89332485754525,48.32587328040562,104.02822801182452,2.0
002064.SZ,2064,华峰化学,91.2320508368447,88.61626298487286,96.46362654078844,0.0
002065.SZ,2065,东华软件,79.1269574794486,59.0021230349123,119.37662636852122,0.0
002066.SZ,2066,瑞泰科技,47.06808402771124,30.71301609514028,79.77821989285317,2.0
002067.SZ,2067,景兴纸业,50.62292423095271,36.90614773510899,78.05647722264013,2.0
002068.SZ,2068,黑猫股份,66.2579441201726,53.0025443084841,92.7687437435496,2.0
002069.SZ,2069,獐子岛,63.1125521147021,45.72717962067983,97.88329710274662,2.0
002073.SZ,2073,软控股份,44.64478330290066,34.13451059340404,65.66532872189391,1.0
002074.SZ,2074,国轩高科,82.56806187807021,65.66363793364147,116.3769097669277,0.0
002075.SZ,2075,沙钢股份,73.72016916474956,56.32773793326963,108.50503162770944,0.0
002077.SZ,2077,大港股份,68.60660733389405,48.19831607907014,109.42318984354188,2.0
002078.SZ,2078,太阳纸业,79.65509117714844,71.88395431148983,95.19736490846564,0.0
002079.SZ,2079,苏州固锝,67.8523219069636,55.48229617487459,92.5923733711416,2.0
002080.SZ,2080,中材科技,86.5596145060727,81.09124222209724,97.49635907402364,0.0
002081.SZ,2081,金螳螂,90.76913535247898,84.5896021538577,103.12820174972154,0.0
002082.SZ,2082,万邦德,49.317137863730544,38.2973464759283,71.35672063933502,1.0
002083.SZ,2083,孚日股份,79.35708275925997,70.09206004677827,97.88712818422334,0.0
002084.SZ,2084,海鸥住工,72.89244264186154,56.98831241198444,104.70070310161574,0.0
002085.SZ,2085,万丰奥威,73.67252940261095,57.641680777646144,105.73422665254054,0.0
002087.SZ,2087,新野纺织,76.77314353898363,60.82674445252695,108.66594171189702,0.0
002088.SZ,2088,鲁阳节能,86.57225956646916,79.35360485476096,101.00956898988557,0.0
002090.SZ,2090,金智科技,75.93024125887084,80.49287742551557,66.80496892558136,0.0
002091.SZ,2091,江苏国泰,68.11540619363282,52.56405585503918,99.21810687082012,2.0
002092.SZ,2092,中泰化学,82.94991880981402,72.67927681878129,103.49120279187947,0.0
002093.SZ,2093,国脉科技,75.48456351447894,56.539018447089376,113.37565364925806,0.0
002094.SZ,2094,青岛金王,70.92302705675536,48.89810715612701,114.97286685801204,0.0
002095.SZ,2095,生意宝,72.81022667826448,54.34832595550613,109.7340281237812,0.0
002096.SZ,2096,南岭民爆,74.44790026404945,58.53936292683153,106.2649749384853,0.0
002097.SZ,2097,山河智能,78.66880230795304,63.75530766516784,108.49579159352344,0.0
002098.SZ,2098,浔兴股份,53.40653121565413,38.24122004312588,83.73715356071062,2.0
002099.SZ,2099,海翔药业,83.27087587269014,68.95515198956906,111.9023236389323,0.0
002100.SZ,2100,天康生物,85.23194416143426,80.01115939748868,95.6735136893254,0.0
002101.SZ,2101,广东鸿图,79.05726082598953,64.66281733324277,107.84614781148304,0.0
002103.SZ,2103,广博股份,59.055050161075805,42.51523425479781,92.1346819736318,2.0
002104.SZ,2104,恒宝股份,65.66095301642552,45.32182286615026,106.33921331697604,2.0
002105.SZ,2105,信隆健康,40.793401923182365,28.85485389421364,64.67049798111982,1.0
002106.SZ,2106,莱宝高科,79.83678421653593,75.42565674120318,88.65903916720143,0.0
002107.SZ,2107,沃华医药,76.41960244824594,57.6684802014624,113.92184694181302,0.0
002108.SZ,2108,沧州明珠,71.21925188829219,48.68876052387496,116.28023461712664,0.0
002109.SZ,2109,兴化股份,65.56508515738308,46.77361135051967,103.14803277110992,2.0
002110.SZ,2110,三钢闽光,80.9383447742209,72.78895749709312,97.23711932847644,0.0
002111.SZ,2111,威海广泰,82.13567441265685,70.84526196006917,104.71649931783224,0.0
002114.SZ,2114,罗平锌电,59.65257511113488,44.63122194103539,89.69528145133387,2.0
002115.SZ,2115,三维通信,80.41777742181921,68.63946169503313,103.97440887539136,0.0
002116.SZ,2116,中国海诚,46.58553999573724,44.06306868539019,51.63048261643132,1.0
002117.SZ,2117,东港股份,79.06161124204826,66.50400368766861,104.17682635080754,0.0
002118.SZ,2118,紫鑫药业,57.459699207690846,38.80499420649176,94.76910921008904,2.0
002119.SZ,2119,康强电子,81.94683155895007,69.03170533655558,107.77708400373903,0.0
002120.SZ,2120,韵达股份,68.72648286636485,72.00928755216606,62.16087349476243,2.0
002121.SZ,2121,科陆电子,52.62492831766954,36.38523078712293,85.10432337876277,2.0
600000.SH,600000,浦发银行,82.77251004169642,82.46178974436592,83.39395063635743,0.0
600004.SH,600004,白云机场,90.96442448203396,88.22188286575806,96.44950771458576,0.0
600006.SH,600006,东风汽车,66.33954682408526,55.82758477750286,87.36347091725007,2.0
600007.SH,600007,中国国贸,69.8838328861077,56.91419310236686,95.82311245358936,2.0
600008.SH,600008,首创环保,74.74683608889336,54.2475306431855,115.74544698030908,0.0
600009.SH,600009,上海机场,88.21190879063272,80.1157621700126,104.40420203187296,0.0
600010.SH,600010,包钢股份,77.23307114030344,57.61512847281861,116.4689564752731,0.0
600011.SH,600011,华能国际,58.88320073040399,47.386467010533806,81.87666817014437,2.0
600012.SH,600012,皖通高速,57.87133692795314,46.4290182660406,80.75597425177821,2.0
600015.SH,600015,华夏银行,84.34659101918483,80.02181644781152,92.99614016193146,0.0
600016.SH,600016,民生银行,82.27727899029674,78.56228549303361,89.70726598482298,0.0
600017.SH,600017,日照港,77.19302836989955,62.71640327548716,106.14627855872436,0.0
600018.SH,600018,上港集团,81.87275573883849,69.8058984798283,106.00647025685888,0.0
600019.SH,600019,宝钢股份,84.51479328616969,77.2319232623332,99.08053333384268,0.0
600020.SH,600020,中原高速,51.77544011669315,41.62590379895704,72.07451275216536,1.0
600021.SH,600021,上海电力,74.06347906862942,66.55331419189643,89.08380882209539,0.0
600022.SH,600022,山东钢铁,80.58159031561229,65.12845337789227,111.48786419105232,0.0
600023.SH,600023,浙能电力,82.15918648781575,67.18213282764688,112.11329380815346,0.0
600025.SH,600025,华能水电,81.75077235801686,70.81125462680703,103.62980782043653,0.0
600026.SH,600026,中远海能,80.6575411751746,72.2910738532253,97.3904758190732,0.0
600027.SH,600027,华电国际,59.55050423473737,44.504675088297965,89.64216252761618,2.0
600028.SH,600028,中国石化,87.85757322973372,85.08440313556119,93.4039134180788,0.0
600029.SH,600029,南方航空,74.74613536806011,69.67177335715073,84.89485938987889,0.0
600031.SH,600031,三一重工,91.49625857421218,89.96682558339919,94.55512455583818,0.0
600033.SH,600033,福建高速,83.20345117551122,71.81199559892958,105.98636232867447,0.0
600035.SH,600035,楚天高速,73.52940610860534,56.36032649086328,107.86756534408948,0.0
600036.SH,600036,招商银行,89.1421680692475,88.9707395640179,89.48502507970667,0.0
600037.SH,600037,歌华有线,68.44799832814627,51.43186305051839,102.48026888340203,2.0
600038.SH,600038,中直股份,80.19839174881243,70.27771842793572,100.03973839056584,0.0
600039.SH,600039,四川路桥,76.85666363419239,61.335887493280495,107.89821591601616,0.0
600048.SH,600048,保利发展,91.09026836935564,85.70775519775962,101.8552947125477,0.0
600050.SH,600050,中国联通,69.08664432812557,59.60035101792263,88.05923094853146,2.0
600051.SH,600051,宁波联合,76.30539052364021,59.47504999341743,109.9660715840858,0.0
600052.SH,600052,东望时代,57.930628862722266,47.31516677012482,79.16155304791715,2.0
600053.SH,600053,九鼎投资,70.87189646224722,55.88100016315285,100.85368906043598,0.0
600054.SH,600054,黄山旅游,73.88027626941474,52.94500977437495,115.7508092594943,0.0
600055.SH,600055,万东医疗,41.93393632291166,53.20755332567951,19.386702317375978,1.0
600056.SH,600056,中国医药,82.29760342115732,65.63695792579809,115.6188944118758,0.0
600057.SH,600057,厦门象屿,77.10935755102771,64.32929325643087,102.6694861402214,0.0
600058.SH,600058,五矿发展,58.32056846857291,44.35044249116726,86.26082042338422,2.0
600059.SH,600059,古越龙山,75.4312208583161,62.17479867162142,101.94406523170544,0.0
600060.SH,600060,海信视像,63.01691471284185,54.20053408581066,80.64967596690423,2.0
600061.SH,600061,国投资本,75.26141270544372,59.269885646920656,107.24446682248984,0.0
600062.SH,600062,华润双鹤,78.21999466358471,60.18536524188006,114.28925350699402,0.0
600063.SH,600063,皖维高新,73.14148764504925,64.6336152020404,90.15723253106694,0.0
600064.SH,600064,南京高科,63.11783735541371,48.3751530551103,92.60320595602052,2.0
600066.SH,600066,宇通客车,75.69576305491076,59.504039581678086,108.07921000137613,0.0
600067.SH,600067,冠城大通,77.99976275252799,60.085474321932594,113.82833961371875,0.0
600070.SH,600070,浙江富润,83.08969437835549,73.82644349018273,101.61619615470102,0.0
600071.SH,600071,凤凰光学,74.34597874964328,65.36196504771979,92.31400615349024,0.0
600072.SH,600072,中船科技,74.475189258373,59.48683861447404,104.45189054617094,0.0
600073.SH,600073,上海梅林,71.22621800162526,59.28279074538922,95.11307251409733,2.0
600075.SH,600075,新疆天业,74.1998307410145,59.12569730530878,104.34809761242592,0.0
600076.SH,600076,康欣新材,78.59401917555286,61.01839392418405,113.74526967829048,0.0
600077.SH,600077,宋都股份,73.33947180895315,54.07455604442191,111.86930333801564,0.0
600079.SH,600079,人福医药,87.40352272875211,75.36984036865928,111.47088744893772,0.0
600080.SH,600080,金花股份,52.71529823557543,37.82312951380206,82.49963567912215,2.0
600082.SH,600082,海泰发展,57.8044899842008,40.422072208678415,92.56932553524555,2.0
600085.SH,600085,同仁堂,81.53640892037689,67.13345352630078,110.34231970852908,0.0
600088.SH,600088,中视传媒,53.54281024586759,42.93468862818676,74.75905348122923,2.0
600089.SH,600089,特变电工,79.47683614326633,64.27398954742941,109.88252933494016,0.0
600094.SH,600094,大名城,72.97281969463589,57.024120656577225,104.8702177707532,0.0
600095.SH,600095,湘财股份,60.54108688869536,46.057915763735664,89.50742913861475,2.0
600096.SH,600096,云天化,76.64407586311287,65.5035037029508,98.92522018343703,0.0
600097.SH,600097,开创国际,65.00404876567255,50.44462099221524,94.12290431258717,2.0
600098.SH,600098,广州发展,63.56396126300268,50.49018596561845,89.71151185777116,2.0
600099.SH,600099,林海股份,47.9549164466236,37.79006602033823,68.28461729919434,1.0
600100.SH,600100,同方股份,56.78129629823772,40.99648539184465,88.35091811102386,2.0
600101.SH,600101,明星电力,82.71752206573468,71.01315375773461,106.12625868173484,0.0
600103.SH,600103,青山纸业,79.45386867383657,60.35479726149759,117.65201149851454,0.0
600104.SH,600104,上汽集团,84.46468824489918,80.30949891162398,92.77506691144958,0.0
600105.SH,600105,永鼎股份,67.1521297191691,53.3375118582954,94.78136544091647,2.0
600106.SH,600106,重庆路桥,75.31011545491788,58.79665237047393,108.33704162380576,0.0
600107.SH,600107,美尔雅,55.26729976829348,46.56218656456591,72.67752617574865,2.0
600108.SH,600108,亚盛集团,67.57870309694033,53.24880207219513,96.23850514643073,2.0
600109.SH,600109,国金证券,83.21652272207677,67.65211809198455,114.34533198226124,0.0
600110.SH,600110,诺德股份,71.40885483036939,51.492492735200905,111.24157902070635,0.0
600111.SH,600111,北方稀土,74.71332087853426,58.018730146924646,108.10250234175348,0.0
600113.SH,600113,浙江东日,44.89119294760827,35.2576249159476,64.1583290109296,1.0
600114.SH,600114,东睦股份,90.81308467929952,86.34781768356166,99.74361867077522,0.0
600115.SH,600115,中国东航,82.9143145588461,75.87531933334243,96.99230500985342,0.0
600116.SH,600116,三峡水利,66.23010768839093,66.83153267682033,65.02725771153212,2.0
600117.SH,600117,西宁特钢,41.39699605515023,31.285701456294788,61.6195852528611,1.0
600118.SH,600118,中国卫星,76.21543317044998,62.18094909724056,104.28440131686882,0.0
600119.SH,600119,长江投资,26.454390951955887,20.08315787588306,39.19685710410154,1.0
600120.SH,600120,浙江东方,55.58606819073335,40.39019574440668,85.97781308338668,2.0
600121.SH,600121,郑州煤电,75.14359108059354,54.95164186578885,115.52748951020294,0.0
600123.SH,600123,兰花科创,85.26076354785158,74.68071109996154,106.42086844363166,0.0
600125.SH,600125,铁龙物流,77.32521693469498,65.88396322631229,100.20772435146034,0.0
600126.SH,600126,杭钢股份,78.62420213677493,65.0138045712585,105.84499726780776,0.0
600127.SH,600127,金健米业,70.65917943190131,53.986219312832354,104.00509967003924,0.0
600128.SH,600128,弘业股份,42.6818436115089,29.332416933020458,69.38069696848581,1.0
600129.SH,600129,太极集团,82.01532948336899,62.24026556397476,121.56545732215744,0.0
600130.SH,600130,波导股份,67.64198041939821,48.21686745316045,106.49220635187372,2.0
600132.SH,600132,重庆啤酒,79.3362563885201,66.70387680386187,104.60101555783656,0.0
600133.SH,600133,东湖高新,51.53230102694744,36.36235028022868,81.87220252038497,2.0
600135.SH,600135,乐凯胶片,67.55204172159245,50.876923660622886,100.90227784353156,2.0
600136.SH,600136,当代文体,71.76353258612389,55.29791697114837,104.69476381607492,0.0
600137.SH,600137,浪莎股份,65.63676560895674,49.50630739335726,97.89768204015569,2.0
600138.SH,600138,中青旅,80.311131357074,65.6810616390089,109.5712707932042,0.0
600141.SH,600141,兴发集团,57.97164901567661,42.76590788505827,88.38313127691328,2.0
600143.SH,600143,金发科技,36.736094884544414,29.280311403083168,51.64766184746691,1.0
600148.SH,600148,长春一东,78.28146489942918,57.53935628203854,119.76568213421046,0.0
600149.SH,600149,廊坊发展,70.75472834831996,55.20656808959008,101.85104886577972,0.0
600150.SH,600150,中国船舶,68.03469827548344,55.199673166334975,93.70474849378036,2.0
600151.SH,600151,航天机电,81.89208838575546,65.26253280249976,115.15119955226685,0.0
600152.SH,600152,维科技术,65.28470098618111,51.46147982595622,92.93114330663089,2.0
600153.SH,600153,建发股份,90.49049039567358,83.9971386480602,103.47719389090032,0.0
600155.SH,600155,华创阳安,65.1014349651589,45.72740072023465,103.84950345500742,2.0
600156.SH,600156,华升股份,66.06883557307765,50.373761870905554,97.45898297742184,2.0
600157.SH,600157,永泰能源,68.12180653090164,48.24967702295439,107.86606554679614,2.0
600158.SH,600158,中体产业,75.82158121266626,57.518141675226985,112.4284602875448,0.0
600159.SH,600159,大龙地产,74.00484749991142,55.049497221763474,111.91554805620731,0.0
600160.SH,600160,巨化股份,77.66362070635986,79.00467697674074,74.98150816559811,0.0
600161.SH,600161,天坛生物,87.56883600860677,83.46483085644411,95.7768463129321,0.0
600162.SH,600162,香江控股,76.315301041901,67.17178039411112,94.60234233748074,0.0
600163.SH,600163,中闽能源,77.3338448278674,65.30855619904389,101.38442208551442,0.0
600165.SH,600165,新日恒力,72.5115257872154,52.55820141128852,112.41817453906916,0.0
600166.SH,600166,福田汽车,66.34886174620053,46.457868170495495,106.1308488976106,2.0
600167.SH,600167,联美控股,83.72630686719769,78.31677076922628,94.5453790631405,0.0
600168.SH,600168,武汉控股,81.35381420497362,66.16920337079745,111.72303587332595,0.0
600169.SH,600169,太原重工,62.09673990744849,50.560316366065,85.16958699021546,2.0
600170.SH,600170,上海建工,88.6066366760029,87.34689074216595,91.12612854367684,0.0
600171.SH,600171,上海贝岭,62.41559137888256,48.22533516324606,90.79610381015556,2.0
600172.SH,600172,黄河旋风,74.43248221897446,53.61747005468175,116.06250654755986,0.0
600173.SH,600173,卧龙地产,60.17719468992175,59.16580919067802,62.19996568840921,1.0
600176.SH,600176,中国巨石,81.70764008970028,75.64159401516845,93.83973223876392,0.0
600177.SH,600177,雅戈尔,91.81315048199698,83.72727481311574,107.98490181975944,0.0
600178.SH,600178,东安动力,23.257812956474083,25.344016944064222,19.0854049812938,1.0
600179.SH,600179,安通控股,56.24422392307203,41.64324105953963,85.44618965013683,2.0
600180.SH,600180,瑞茂通,69.54469044574086,52.435632943169,103.76280545088456,2.0
600183.SH,600183,生益科技,82.99887539029457,70.70899899450556,107.57862818187256,0.0
600184.SH,600184,光电股份,75.460530847623,56.73639871431706,112.90879511423488,0.0
600185.SH,600185,格力地产,82.12069023682315,70.59532458524475,105.17142153997996,0.0
600186.SH,600186,莲花健康,42.80012411660488,31.59231829543993,65.21573575893477,1.0
600187.SH,600187,国中水务,49.08976176331896,36.63874051142187,73.99180426711311,1.0
600188.SH,600188,兖矿能源,82.88286181093784,73.45901161613193,101.73056220054966,0.0
600189.SH,600189,泉阳泉,64.42878343518646,47.23049912501554,98.8253520555283,2.0
600190.SH,600190,锦州港,66.46028813884902,47.53393893377724,104.31298654899258,2.0
600192.SH,600192,长城电工,76.58837959476332,64.42220837795192,100.92072202838614,0.0
600193.SH,600193,创兴资源,44.12585792222389,33.75069343334239,64.87618689998689,1.0
600195.SH,600195,中牧股份,76.97748565130956,61.043167548276045,108.8461218573766,0.0
600196.SH,600196,复星医药,87.79075833462058,77.80474984329156,107.7627753172786,0.0
600197.SH,600197,伊力特,76.02895981160557,65.1277619472792,97.83135554025831,0.0
600198.SH,600198,大唐电信,65.79961624355282,51.46853369081558,94.4617813490273,2.0
600199.SH,600199,金种子酒,76.6846413277657,63.858719647636505,102.33648468802411,0.0
600200.SH,600200,江苏吴中,49.61490156390697,41.45987905324074,65.92494658523941,1.0
600201.SH,600201,生物股份,78.60756264659426,60.38188667829333,115.05891458319611,0.0
600202.SH,600202,哈空调,66.66278759874987,49.604180225237855,100.78000234577392,2.0
600203.SH,600203,福日电子,60.534850356814346,44.61943338332502,92.36568430379302,2.0
600206.SH,600206,有研新材,72.56154213116784,60.03805918242133,97.60850802866086,0.0
600207.SH,600207,安彩高科,65.7506416213748,41.298895585125656,114.65413369387308,2.0
600208.SH,600208,新湖中宝,86.3561794774704,73.48975642730026,112.0890255778107,0.0
600210.SH,600210,紫江企业,63.34899403866,45.89314685531515,98.26068840534968,2.0
600211.SH,600211,西藏药业,78.51514365705675,58.34582115887278,118.85378865342471,0.0
600212.SH,600212,江泉实业,50.86828628453202,36.37791071457211,79.84903742445184,2.0
600213.SH,600213,亚星客车,55.65997991330943,41.01432016999355,84.95129939994118,2.0
600215.SH,600215,派斯林,59.61527221867193,60.289927881309865,58.26596089339608,1.0
600216.SH,600216,浙江医药,77.45251228215056,62.49823364495634,107.361069556539,0.0
600217.SH,600217,中再资环,67.06009459501675,49.47624322427712,102.227797336496,2.0
600218.SH,600218,全柴动力,37.77660524587802,42.801028248552754,27.727759240528545,1.0
600219.SH,600219,南山铝业,74.4871566859039,57.262709653140455,108.93605075143078,0.0
600220.SH,600220,江苏阳光,57.75620380279419,44.58768929693825,84.09323281450608,2.0
600222.SH,600222,太龙药业,82.42929627716762,67.12150220568255,113.04488442013778,0.0
600223.SH,600223,鲁商发展,86.95687471454701,82.11137700093012,96.64787014178084,0.0
600227.SH,600227,圣济堂,73.0174791449416,55.06081710764956,108.9308032195257,0.0
600228.SH,600228,返利科技,75.46895754437324,60.044722043323645,106.31742854647244,0.0
600229.SH,600229,城市传媒,70.8071485424928,55.94290766429639,100.53563029888562,0.0
600230.SH,600230,沧州大化,77.40129694604332,63.14000065077927,105.9238895365714,0.0
600231.SH,600231,凌钢股份,80.31475844278629,66.95517432714769,107.03392667406348,0.0
600232.SH,600232,金鹰股份,77.70339920367095,57.442896493486245,118.22440462404036,0.0
600233.SH,600233,圆通速递,83.54407281855593,80.76032378695281,89.11157088176216,0.0
600234.SH,600234,科新发展,22.85419855578803,17.717904313728127,33.12678703990784,1.0
600235.SH,600235,民丰特纸,37.453405380727546,24.78450557804988,62.79120498608288,1.0
600236.SH,600236,桂冠电力,59.59668818073902,57.80147473096066,63.18711508029574,1.0
600237.SH,600237,铜峰电子,71.28282539497903,51.42521486444316,110.99804645605076,0.0
600238.SH,600238,海南椰岛,83.08435906412545,80.67924038032274,87.89459643173086,0.0
600243.SH,600243,青海华鼎,57.34979693286837,38.52102296076218,95.00734487708075,2.0
600246.SH,600246,万通发展,88.32603867142255,78.50438069189198,107.96935463048368,0.0
600248.SH,600248,陕西建工,75.629172072453,57.23219323141555,112.4231297545279,0.0
600249.SH,600249,两面针,52.76587686169708,40.14445956890501,78.00871144728121,2.0
600250.SH,600250,南纺股份,61.92516967055701,48.05455550004151,89.66639801158799,2.0
600251.SH,600251,冠农股份,73.71004729403221,53.58502569888594,113.96009048432472,0.0
600252.SH,600252,中恒集团,73.53692875236422,56.13754280462175,108.33570064784917,0.0
600255.SH,600255,鑫科材料,46.20484588809757,33.84243078778485,70.92967608872303,1.0
600256.SH,600256,广汇能源,82.99045989833166,69.18567711375096,110.60002546749308,0.0
600257.SH,600257,大湖股份,65.01549932915952,50.91866836038302,93.20916126671251,2.0
600258.SH,600258,首旅酒店,83.34211930292454,72.49430217739263,105.03775355398838,0.0
600259.SH,600259,广晟有色,61.56687620371132,44.94420196603053,94.81222467907288,2.0
600261.SH,600261,阳光照明,66.6877016147985,46.08019756721967,107.90270970995616,2.0
600262.SH,600262,北方股份,57.56574527403488,51.55242923420039,69.59237735370385,2.0
600266.SH,600266,城建发展,85.86898952841679,76.40209908899111,104.80277040726811,0.0
600267.SH,600267,海正药业,74.02524115959959,59.120870045149175,103.8339833885004,0.0
600268.SH,600268,国电南自,65.47849761940905,45.40317903262557,105.62913479297605,2.0
600269.SH,600269,赣粤高速,80.29567777239946,64.26821321316847,112.35060689086144,0.0
600271.SH,600271,航天信息,76.20973878857755,66.42315961278784,95.78289714015696,0.0
600272.SH,600272,开开实业,63.292067150641486,48.29472628868319,93.28674887455809,2.0
600273.SH,600273,嘉化能源,66.98636544431625,54.48603666848433,91.98702299598008,2.0
600276.SH,600276,恒瑞医药,91.14899127875584,82.5810874265845,108.28479898309854,0.0
600277.SH,600277,亿利洁能,81.92604471166662,81.58987858607624,82.59837696284737,0.0
600278.SH,600278,东方创业,60.17560571009572,46.81843106062132,86.88995500904451,2.0
600279.SH,600279,重庆港,56.0016277634175,40.37615890713992,87.25256547597266,2.0
600280.SH,600280,中央商场,34.3473319652783,30.133179570631476,42.77563675457196,1.0
600281.SH,600281,华阳新材,63.38128459023059,49.14053653111967,91.86278070845243,2.0
600282.SH,600282,南钢股份,80.95937666464317,67.21807416023796,108.4419816734536,0.0
600283.SH,600283,钱江水利,40.440000610951,28.35026654697782,64.61946873889737,1.0
600284.SH,600284,浦东建设,48.668135093776726,40.04099552435727,65.92241423261564,1.0
600285.SH,600285,羚锐制药,78.04602592464224,62.15873087990892,109.82061601410888,0.0
600287.SH,600287,江苏舜天,58.44423679866734,49.91294019898061,75.50682999804081,2.0
600288.SH,600288,大恒科技,75.02395171568713,55.82230044414744,113.42725425876652,0.0
600292.SH,600292,远达环保,78.68864968977383,59.09209994831529,117.8817491726909,0.0
600293.SH,600293,三峡新材,63.27517948819125,43.27586797132332,103.27380252192712,2.0
600295.SH,600295,鄂尔多斯,80.37894721253843,65.05185597832502,111.03312968096526,0.0
600297.SH,600297,广汇汽车,68.26875546704241,54.843972716536015,95.1183209680552,2.0
600298.SH,600298,安琪酵母,82.83840327218766,75.61820698407092,97.27879584842114,0.0
600299.SH,600299,安迪苏,61.003541767523046,49.93846109688331,83.13370310880252,2.0
600300.SH,600300,维维股份,56.05018843164604,42.43758070445771,83.27540388602272,2.0
600302.SH,600302,标准股份,62.72426259815859,50.059451077385525,88.05388563970472,2.0
600303.SH,600303,曙光股份,68.76192522490551,47.5595763849588,111.16662290479894,2.0
600305.SH,600305,恒顺醋业,70.4140676919394,59.63847093785355,91.96526120011109,2.0
600307.SH,600307,酒钢宏兴,60.3112806432268,53.3778124634456,74.1782170027892,2.0
600308.SH,600308,华泰股份,77.18557466695836,59.32804345370306,112.90063709346896,0.0
600309.SH,600309,万华化学,88.51206619479835,83.43278017100302,98.670638242389,0.0
600310.SH,600310,桂东电力,76.20616275487592,59.393615426512326,109.8312574116031,0.0
600312.SH,600312,平高电气,78.28317331278461,63.88333314785277,107.0828536426483,0.0
600313.SH,600313,农发种业,59.71370723132444,41.7754280264743,95.5902656410247,2.0
600315.SH,600315,上海家化,87.66204219269952,84.61603226814817,93.7540620418022,0.0
600316.SH,600316,洪都航空,71.8275101683987,58.33896475215058,98.80460100089496,0.0
600320.SH,600320,振华重工,77.77599671344358,57.786473164048,117.7550438122347,0.0
600321.SH,600321,正源股份,66.6497400711857,60.19188499718846,79.56545021918019,2.0
600322.SH,600322,天房发展,57.17022228280234,40.44847213106138,90.61372258628428,2.0
600323.SH,600323,瀚蓝环境,85.9765663334486,78.43711877421885,101.05546145190812,0.0
600325.SH,600325,华发股份,81.28174593795642,80.48039614445699,82.88444552495525,0.0
600326.SH,600326,西藏天路,75.56898571370465,56.43544563347527,113.8360658741634,0.0
600327.SH,600327,大东方,82.74431448327243,75.27299728591481,97.68694887798767,0.0
600328.SH,600328,中盐化工,78.7815247699316,59.893968386263765,116.55663753726724,0.0
600329.SH,600329,中新药业,87.8285970998515,77.21582689337664,109.05413751280123,0.0
600330.SH,600330,天通股份,85.23306470323332,77.68523851762126,100.32871707445749,0.0
600331.SH,600331,宏达股份,41.00180286698519,31.562544748733337,59.88031910348889,1.0
600332.SH,600332,白云山,56.28946483898921,51.26504695238226,66.33830061220313,1.0
600333.SH,600333,长春燃气,43.49247297555904,32.03655404579554,66.40431083508602,1.0
600335.SH,600335,国机汽车,75.0489236580446,55.01081001813969,115.1251509378544,0.0
600336.SH,600336,澳柯玛,81.82895981293932,66.47643254472501,112.53401434936792,0.0
600337.SH,600337,美克家居,59.98955032534272,54.25687704591381,71.45489688420054,2.0
600338.SH,600338,西藏珠峰,67.76095460655084,55.0756820088168,93.13149980201892,2.0
600339.SH,600339,中油工程,76.83255919620233,58.445119679579705,113.60743822944757,0.0
600340.SH,600340,华夏幸福,82.58573195885342,79.60616379744134,88.54486828167757,0.0
600343.SH,600343,航天动力,66.56380607864858,47.17023058430628,105.35095706733318,2.0
600345.SH,600345,长江通信,76.89906732377659,57.717768890552094,115.2616641902256,0.0
600346.SH,600346,恒力石化,81.8161173871789,65.6149528537536,114.2184464540295,0.0
600348.SH,600348,华阳股份,79.72707462197226,65.37848130595948,108.42426125399784,0.0
600350.SH,600350,山东高速,79.87461647418272,62.182657640936334,115.25853414067548,0.0
600351.SH,600351,亚宝药业,79.71034302622168,62.47626465810412,114.1784997624568,0.0
600352.SH,600352,浙江龙盛,88.62341482759467,88.2511844420613,89.36787559866141,0.0
600353.SH,600353,旭光电子,71.75984248482138,61.684770808488615,91.9099858374869,0.0
600354.SH,600354,敦煌种业,59.02191651728772,40.47917473831091,96.10740007524136,2.0
600355.SH,600355,精伦电子,69.38640511230751,51.62471301992736,104.90978929706785,2.0
600356.SH,600356,恒丰纸业,48.722969031663226,43.53724203687887,59.09442302123192,1.0
600358.SH,600358,国旅联合,77.02679029864301,58.19962783450225,114.68111522692452,0.0
600359.SH,600359,新农开发,47.59541816358342,33.325783502314565,76.13468748612112,1.0
600360.SH,600360,华微电子,66.74625113550866,51.54511247265437,97.14852846121724,2.0
600361.SH,600361,华联综超,29.988298421264748,35.28503791938901,19.394819425016223,1.0
600362.SH,600362,江西铜业,80.05667514429311,67.46847888328293,105.23306766631347,0.0
600363.SH,600363,联创光电,63.626570910556666,48.75753248753056,93.36464775660887,2.0
600366.SH,600366,宁波韵升,74.27234428109159,59.12980923637342,104.55741437052794,0.0
600367.SH,600367,红星发展,73.4465204732488,62.13628420392744,96.06699301189153,0.0
600368.SH,600368,五洲交通,75.3830935803181,56.88195631638311,112.38536810818808,0.0
600369.SH,600369,西南证券,75.67082204054095,58.97948812333584,109.0534898749512,0.0
600370.SH,600370,三房巷,77.86959894601063,63.82016917222735,105.96845849357716,0.0
600371.SH,600371,万向德农,64.32528735962393,47.38587831717804,98.2041054445157,2.0
600372.SH,600372,中航电子,72.36816882614308,55.82580436480141,105.45289774882642,0.0
600373.SH,600373,中文传媒,79.19948828131942,71.70601724608105,94.18643035179616,0.0
600375.SH,600375,汉马科技,69.8000518842299,50.77338129111276,107.8533930704642,2.0
600376.SH,600376,首开股份,84.47010436742717,75.53789989334467,102.33451331559218,0.0
600377.SH,600377,宁沪高速,56.26730870195316,54.96181162561268,58.878302854634114,1.0
600378.SH,600378,昊华科技,83.46540673613364,71.67510251932661,107.0460151697477,0.0
600379.SH,600379,宝光股份,62.53893616146591,43.37862491194723,100.85955866050328,2.0
600380.SH,600380,健康元,78.27099461076803,61.87811412759472,111.05675557711466,0.0
600381.SH,600381,青海春天,59.72062700346703,44.349617618369294,90.4626457736625,2.0
600383.SH,600383,金地集团,91.81157680672432,85.2358773000825,104.96297582000796,0.0
600386.SH,600386,北巴传媒,48.810607269691545,50.35329767540948,45.72522645825566,1.0
600388.SH,600388,龙净环保,85.73843046203773,85.86653707201768,85.48221724207781,0.0
600389.SH,600389,江山股份,78.0755415568256,58.71042381326281,116.80577704395115,0.0
600390.SH,600390,五矿资本,71.30055405512623,58.852375740171,96.1969106850367,0.0
600391.SH,600391,航发科技,59.44190911325961,42.524878052344846,93.27597123508914,2.0
600392.SH,600392,盛和资源,76.62081137032342,58.9532344062459,111.95596529847847,0.0
600395.SH,600395,盘江股份,77.68560619343523,56.50327950673886,120.05025956682798,0.0
600396.SH,600396,金山股份,44.66479065981255,33.941397845394704,66.11157628864822,1.0
600397.SH,600397,安源煤业,59.58260284831288,47.60331654839297,83.54117544815267,2.0
600398.SH,600398,海澜之家,80.46621216839586,75.50534063832549,90.38795522853658,0.0
600399.SH,600399,抚顺特钢,79.64296441956593,66.22371464764642,106.48146396340492,0.0
600400.SH,600400,红豆股份,87.90263738601227,74.37558793797682,114.9567362820832,0.0
600403.SH,600403,大有能源,59.392336756631096,45.61636822713263,86.94427381562802,2.0
600405.SH,600405,动力源,54.84089412353935,41.01062477366711,82.50143282328382,2.0
600406.SH,600406,国电南瑞,73.128987455036,66.78840041279294,85.81016153952211,0.0
600409.SH,600409,三友化工,78.51882120267555,62.77316419242662,110.01013522317342,0.0
600410.SH,600410,华胜天成,53.36506072426838,36.36551048766556,87.36416119747403,2.0
600415.SH,600415,小商品城,77.66032160783088,63.61736742292296,105.7462299776467,0.0
600416.SH,600416,湘电股份,67.72850476402623,51.93152214430752,99.32247000346362,2.0
600418.SH,600418,江淮汽车,67.40406297688327,48.61429972864605,104.9835894733577,2.0
600419.SH,600419,天润乳业,72.38301341775848,59.61159898112376,97.9258422910279,0.0
600420.SH,600420,国药现代,75.69902165474412,57.76341418206903,111.57023660009428,0.0
600421.SH,600421,华嵘控股,71.19845995141031,76.47289980449239,60.64958024524617,2.0
600422.SH,600422,昆药集团,72.9337109788074,54.42838665181358,109.94435963279504,0.0
600423.SH,600423,柳化股份,38.0944594210922,30.418140421415167,53.447097420446255,1.0
600425.SH,600425,青松建化,73.9480884034242,60.06739739936626,101.70947041154004,0.0
600426.SH,600426,华鲁恒升,86.86368265060437,76.21770092047323,108.15564611086668,0.0
600428.SH,600428,中远海特,66.20694733831822,46.73685365409352,105.1471347067676,2.0
600429.SH,600429,三元股份,59.25675394305554,46.989689353900914,83.7908831213648,2.0
600433.SH,600433,冠豪高新,63.18566714090652,49.9404378490238,89.67612572467198,2.0
600435.SH,600435,北方导航,69.43265560989789,50.79766058359672,106.70264566250025,2.0
600436.SH,600436,片仔癀,86.34290101275333,75.6613075682709,107.7060879017182,0.0
600438.SH,600438,通威股份,90.46149040276708,86.16438865911556,99.05569389007012,0.0
600439.SH,600439,瑞贝卡,76.8260058801845,59.583223251253415,111.31157113804667,0.0
600444.SH,600444,国机通用,62.09019227920071,47.83474435298511,90.6010881316319,2.0
600446.SH,600446,金证股份,78.10259803956669,69.18965494858068,95.9284842215387,0.0
600448.SH,600448,华纺股份,64.24209400790295,58.428840951733925,75.868600120241,2.0
600449.SH,600449,宁夏建材,84.50524282922011,73.54294306464092,106.4298423583785,0.0
600452.SH,600452,涪陵电力,34.168070083298424,48.13083712743459,6.242535995026088,1.0
600455.SH,600455,博通股份,43.01025814390015,29.93047176338144,69.16983090493756,1.0
600456.SH,600456,宝钛股份,76.75856435161731,79.57391099979709,71.12787105525774,0.0
600458.SH,600458,时代新材,74.3008148126772,55.89680469579462,111.10883504644237,0.0
600459.SH,600459,贵研铂业,71.40509653745102,61.6582939484118,90.89870171552946,2.0
600460.SH,600460,士兰微,82.6868044222709,79.6436840001117,88.77304526658929,0.0
600461.SH,600461,洪城环境,76.79447339156664,61.40309839259416,107.5772233895116,0.0
600463.SH,600463,空港股份,63.86589432165688,45.61340446859495,100.37087402778076,2.0
600466.SH,600466,蓝光发展,83.11066137249799,79.10300974967562,91.12596461814272,0.0
600467.SH,600467,好当家,65.45324795110194,44.526621419819925,107.30650101366597,2.0
600468.SH,600468,百利电气,46.14448756061171,32.68812682646731,73.0572090289005,1.0
600469.SH,600469,风神股份,72.59566186829333,56.94898938833669,103.8890068282066,0.0
600470.SH,600470,六国化工,28.353130140930094,24.200161123814752,36.6590681751608,1.0
600475.SH,600475,华光环能,64.25409390533797,46.64116643556218,99.47994884488952,2.0
600476.SH,600476,湘邮科技,57.245712237101046,41.120833126927806,89.49547045744754,2.0
600477.SH,600477,杭萧钢构,67.71453903131606,51.8822235061741,99.3791700816,2.0
600479.SH,600479,千金药业,86.99500900251573,79.44899635735422,102.08703429283872,0.0
600480.SH,600480,凌云股份,68.41845237047954,49.91036449805292,105.4346281153328,2.0
600481.SH,600481,双良节能,82.9424990662155,69.5951423800501,109.6372124385463,0.0
600482.SH,600482,中国动力,66.9837788116796,53.669020332991465,93.61329576905588,2.0
600483.SH,600483,福能股份,81.99320087354138,72.86654749746108,100.24650762570198,0.0
600486.SH,600486,扬农化工,84.21975535002682,76.09761424080418,100.4640375684721,0.0
600487.SH,600487,亨通光电,77.95737979082418,62.74296470482281,108.38620996282692,0.0
600488.SH,600488,天药股份,73.04973312753368,55.58909112702001,107.97101712856104,0.0
600489.SH,600489,中金黄金,72.47053897474417,57.15818890496438,103.09523911430377,0.0
600490.SH,600490,鹏欣资源,68.97777031360228,50.11739350710691,106.69852392659304,2.0
600491.SH,600491,龙元建设,80.73183033475387,60.08534135434017,122.02480829558128,0.0
600493.SH,600493,凤竹纺织,52.55884736833092,40.38497630309506,76.90658949880262,2.0
600495.SH,600495,晋西车轴,70.15289327410066,51.51245375249957,107.43377231730284,0.0
600496.SH,600496,精工钢构,87.05179175261992,76.68888018004732,107.77761489776512,0.0
600497.SH,600497,驰宏锌锗,77.94885259579104,61.93385665366307,109.97884448004696,0.0
600498.SH,600498,烽火通信,67.10360129205567,53.75968233181322,93.79143921254058,2.0
600499.SH,600499,科达制造,78.68173179775667,59.14675758736436,117.75168021854128,0.0
600500.SH,600500,中化国际,81.09063465220041,69.99724215486879,103.27741964686363,0.0
600501.SH,600501,航天晨光,63.70778966312038,44.516852116292014,102.08966475677713,2.0
600502.SH,600502,安徽建工,73.83692556315327,55.68903234879357,110.13271199187268,0.0
600503.SH,600503,华丽家族,67.42627112445109,53.1724857035003,95.93384196635267,2.0
600505.SH,600505,西昌电力,79.76283762839584,68.60113786796475,102.086237149258,0.0
600507.SH,600507,方大特钢,79.24026398279514,63.06805957070329,111.58467280697884,0.0
600508.SH,600508,上海能源,76.64951226378557,59.46864410014457,111.01124859106756,0.0
600509.SH,600509,天富能源,74.89990015275728,55.07153976848568,114.55662092130048,0.0
600510.SH,600510,黑牡丹,58.79807814492101,40.853616062122114,94.6870023105188,2.0
600511.SH,600511,国药股份,86.55626104159798,78.91898290038304,101.83081732402786,0.0
600512.SH,600512,腾达建设,54.42053380394782,45.83503360858637,71.59153419467071,2.0
600513.SH,600513,联环药业,71.23259691784038,54.31261418128877,105.0725623909436,0.0
600516.SH,600516,方大炭素,72.17082979567857,66.45607621706151,83.6003369529127,2.0
600517.SH,600517,国网英大,67.67296691004154,50.68880386311346,101.64129300389769,2.0
600519.SH,600519,贵州茅台,87.48187946644492,80.5224552860413,101.40072782725215,0.0
600520.SH,600520,文一科技,56.70534768955748,45.39472277169188,79.32659752528869,2.0
600521.SH,600521,华海药业,76.04407135281912,58.85134701218544,110.42952003408648,0.0
600522.SH,600522,中天科技,72.35952322516735,55.32622238490519,106.42612490569168,0.0
600523.SH,600523,贵航股份,73.4994394460492,58.5705591147634,103.3572001086208,0.0
600525.SH,600525,长园集团,78.17497082038696,59.37642286141524,115.7720667383304,0.0
600526.SH,600526,菲达环保,33.57849423999966,22.977877344640703,54.77972803071757,1.0
600527.SH,600527,江南高纤,65.38273735215955,47.08086176835728,101.9864885197641,2.0
600528.SH,600528,中铁工业,72.34845983054842,59.72733019873528,97.5907190941747,0.0
600529.SH,600529,山东药玻,62.34913134825047,68.98507201703275,49.0772500106859,1.0
600530.SH,600530,交大昂立,67.3230631928437,48.01617390225138,105.93684177402837,2.0
600531.SH,600531,豫光金铅,70.28033148674591,52.256444109025466,106.32810624218678,0.0
600532.SH,600532,未来股份,74.10851718997675,66.32320883286758,89.67913390419511,0.0
600533.SH,600533,栖霞建设,28.2772156308116,26.312751291261243,32.206144309912304,1.0
600535.SH,600535,天士力,82.82591142370228,67.4909006572893,113.49593295652824,0.0
600536.SH,600536,中国软件,73.2526635389896,56.3384355676468,107.0811194816752,0.0
600537.SH,600537,亿晶光电,80.51764117536774,71.26121266284363,99.03049820041596,0.0
600538.SH,600538,国发股份,62.39655125308124,50.40353962092748,86.38257451738878,2.0
600539.SH,600539,狮头股份,55.97328129708527,45.70691434820917,76.50601519483746,2.0
600540.SH,600540,新赛股份,63.22422454274298,53.04985493479545,83.57296375863805,2.0
600543.SH,600543,莫高股份,54.827858408103296,35.50096148828672,93.48165224773646,2.0
600545.SH,600545,卓郎智能,79.1077899588374,68.97254719520485,99.3782754861025,0.0
600546.SH,600546,山煤国际,56.7267951360638,44.87088457018816,80.43861626781508,2.0
600547.SH,600547,山东黄金,79.9126752737848,77.36011195496172,85.01780191143095,0.0
600548.SH,600548,深高速,71.00962029215214,62.94700654332553,87.13484778980535,2.0
600549.SH,600549,厦门钨业,80.27923928851968,62.706642507039895,115.42443285147924,0.0
600550.SH,600550,保变电气,51.842597337214414,36.99638539790074,81.53502121584177,2.0
600551.SH,600551,时代出版,76.62099454934868,57.25483859004584,115.35330646795435,0.0
600552.SH,600552,凯盛科技,78.59760059323268,55.22601979296611,125.3407621937658,0.0
600556.SH,600556,天下秀,26.921154070737096,29.516168892245613,21.73112442772007,1.0
600557.SH,600557,康缘药业,46.04541142380718,57.88374934254878,22.368735586323965,1.0
600558.SH,600558,大西洋,48.46460325326368,41.84526227701589,61.70328520575925,1.0
600559.SH,600559,老白干酒,81.15087158735822,71.44848622162456,100.55564231882556,0.0
600560.SH,600560,金自天正,75.71398214953754,55.58369265095499,115.97456114670264,0.0
600561.SH,600561,江西长运,61.43349283495729,44.74853121677008,94.80341607133172,2.0
600562.SH,600562,国睿科技,71.67559615129866,57.10896539186975,100.8088576701565,0.0
600563.SH,600563,法拉电子,71.8674456145201,68.85788823143295,77.88656038069439,2.0
600565.SH,600565,迪马股份,32.90194096314224,31.878331156185386,34.94916057705594,1.0
600566.SH,600566,济川药业,82.78653024875868,70.01443615458726,108.33071843710152,0.0
600567.SH,600567,山鹰国际,81.64462358815277,70.38225468879703,104.16936138686424,0.0
600569.SH,600569,安阳钢铁,77.69745320380069,65.54207342632549,102.00821275875109,0.0
600570.SH,600570,恒生电子,84.45022227245006,81.61366128283463,90.12334425168096,0.0
600571.SH,600571,信雅达,64.70612475879554,47.46395518319368,99.19046390999928,2.0
600572.SH,600572,康恩贝,37.07716328325306,34.1130741731153,43.00534150352858,1.0
600573.SH,600573,惠泉啤酒,54.26278539177049,45.88000248244799,71.02835121041551,2.0
600575.SH,600575,淮河能源,79.82728957258618,63.637412474730056,112.20704376829843,0.0
600576.SH,600576,祥源文化,61.38706463865904,41.1894819113425,101.78223009329211,2.0
600577.SH,600577,精达股份,63.5550814694608,47.961880247137145,94.74148391410812,2.0
600578.SH,600578,京能电力,77.7906118547519,59.92012242761592,113.53159070902387,0.0
600579.SH,600579,克劳斯,58.891699022524506,54.20967963796804,68.25573779163744,2.0
600580.SH,600580,卧龙电驱,81.09383495576206,66.39266443303735,110.49617600121148,0.0
600581.SH,600581,八一钢铁,72.82750173065448,58.791736754540366,100.89903168288268,0.0
600582.SH,600582,天地科技,71.04069679532645,56.0485171699698,101.02505604603977,0.0
600583.SH,600583,海油工程,86.87748093518718,76.6014457672385,107.42955127108452,0.0
600584.SH,600584,长电科技,78.66372832394299,70.27623510045389,95.4387147709212,0.0
600585.SH,600585,海螺水泥,92.48456156747348,91.3765319653311,94.70062077175824,0.0
600586.SH,600586,金晶科技,73.53648230095024,59.7745171367396,101.06041262937153,0.0
600587.SH,600587,新华医疗,62.25047930798471,47.86533512854192,91.02076766687028,2.0
600588.SH,600588,用友网络,80.4858785907134,72.02646661667737,97.40470253878544,0.0
600590.SH,600590,泰豪科技,69.91511358593851,50.97278855564804,107.79976364651948,2.0
600592.SH,600592,龙溪股份,65.14150039320215,45.63202817674707,104.16044482611233,2.0
600594.SH,600594,益佰制药,47.31378823694695,33.76639469714472,74.4085753165514,1.0
600596.SH,600596,新安股份,83.45234442063861,71.25899791294587,107.83903743602409,0.0
600597.SH,600597,光明乳业,79.41288721976954,65.23566369261987,107.7673342740689,0.0
600598.SH,600598,北大荒,75.07525975792858,57.83365566995737,109.558467933871,0.0
600600.SH,600600,青岛啤酒,80.12159118208747,75.78244941303745,88.79987472018752,0.0
600602.SH,600602,云赛智联,72.9004248409666,55.89401618347989,106.91324215594,0.0
600603.SH,600603,广汇物流,85.49767118208658,70.80765605459645,114.8777014370668,0.0
600604.SH,600604,市北高新,41.926909010618765,33.35283437484924,59.07505828215781,1.0
600605.SH,600605,汇通能源,72.48119017092526,53.62001919094201,110.20353213089176,0.0
600606.SH,600606,绿地控股,81.2489909371945,73.5355868750978,96.67579906138792,0.0
600609.SH,600609,金杯汽车,52.96743990913581,40.4349794356722,78.03236085606305,2.0
600610.SH,600610,中毅达,71.2767521307579,46.24200968560971,121.34623702105428,0.0
600611.SH,600611,大众交通,76.3492055278412,57.70691231920512,113.6337919451134,0.0
600612.SH,600612,老凤祥,63.042990728364586,60.958718883464826,67.21153441816409,2.0
600613.SH,600613,神奇制药,75.26905128328667,56.050079694928144,113.70699446000371,0.0
600616.SH,600616,金枫酒业,57.12236287223204,43.77815021419828,83.81078818829957,2.0
600617.SH,600617,国新能源,62.97703990606126,49.3222658813058,90.28658795557216,2.0
600618.SH,600618,氯碱化工,76.6349163183087,65.60055093776901,98.70364707938808,0.0
600619.SH,600619,海立股份,71.84723798719982,52.13082016749885,111.28007362660176,0.0
600620.SH,600620,天宸股份,43.024844020369386,39.11910189318071,50.836328274746734,1.0
600621.SH,600621,华鑫股份,71.86861263104376,52.490493625811695,110.62485064150788,0.0
600622.SH,600622,光大嘉宝,83.19327093522716,76.6775983061672,96.22461619334707,0.0
600623.SH,600623,华谊集团,70.30218404013704,53.84786109810919,103.21082992419274,2.0
600624.SH,600624,复旦复华,53.441450331566735,35.915260877930194,88.49382923883982,2.0
600626.SH,600626,申达股份,74.43466054664563,55.20424951479862,112.89548261033966,0.0
600628.SH,600628,新世界,51.63487789117089,48.43277379892822,58.039086075656215,1.0
600629.SH,600629,华建集团,64.84009463093419,52.049591366137385,90.4211011605278,2.0
600630.SH,600630,龙头股份,57.345408666828654,41.55841216114781,88.91940167819033,2.0
600633.SH,600633,浙数文化,61.15190012661115,46.940816711669605,89.57406695649424,2.0
600635.SH,600635,大众公用,50.88478773722893,35.67478117518207,81.30480086132268,2.0
600636.SH,600636,国新文化,78.60870207557876,70.00678209082962,95.81254204507704,0.0
600637.SH,600637,东方明珠,83.07900279156055,67.21450309884617,114.80800217698932,0.0
600638.SH,600638,新黄浦,67.98600121745046,52.3477303077529,99.2625430368456,2.0
600639.SH,600639,浦东金桥,84.09402071993958,71.82387707786081,108.63430800409712,0.0
600640.SH,600640,新国脉,67.62603495142123,48.324859269889394,106.22838631448492,2.0
600641.SH,600641,万业企业,93.00179946295566,86.71552370575577,105.57435097735544,0.0
600642.SH,600642,申能股份,83.01644833555378,72.63674600002253,103.77585300661627,0.0
600643.SH,600643,爱建集团,84.459550903674,72.64926869029817,108.08011533042566,0.0
600644.SH,600644,乐山电力,65.42053913930098,47.35664344274701,101.54833053240894,2.0
600645.SH,600645,中源协和,57.03164064362253,40.81908047257936,89.45676098570885,2.0
600647.SH,600647,同达创业,62.03603426583908,50.53848737976792,85.03112803798139,2.0
600648.SH,600648,外高桥,85.66226349387489,71.20895577231299,114.56887893699869,0.0
600649.SH,600649,城投控股,79.22890904408658,62.18741644258674,113.31189424708626,0.0
600650.SH,600650,锦江在线,67.0865036009145,51.43700224301583,98.38550631671184,2.0
600651.SH,600651,飞乐音响,33.05753350229276,25.12867493674038,48.915250633397534,1.0
600653.SH,600653,申华控股,61.469299067422384,58.75035321415613,66.9071907739549,2.0
600655.SH,600655,豫园股份,78.51879844806682,69.56795822401413,96.42047889617216,0.0
600657.SH,600657,信达地产,67.58014462881478,53.86429757642243,95.01183873359948,2.0
600658.SH,600658,电子城,61.405017132947066,42.11300876749769,99.9890338638458,2.0
600660.SH,600660,福耀玻璃,89.87559772078411,84.14598456862117,101.33482402510998,0.0
