ts_code,symbol,name,k,d,j
000001.SZ,1,平安银行,77.5869885862459,75.00880069985077,82.74336435903615
000002.SZ,2,万科A,72.99321100867546,64.96322105260566,89.05319092081504
000004.SZ,4,国华网安,28.207478094739074,35.41770498461952,13.787024314978183
000006.SZ,6,深振业A,57.52832197276622,58.01346319864828,56.558039521002115
000008.SZ,8,神州高铁,36.23103462609635,39.989608014299364,28.713887849690337
000009.SZ,9,中国宝安,47.26390207871681,51.41254264711047,38.966620941929506
000010.SZ,10,美丽生态,33.281792777458634,42.333943673581146,15.177490985213609
000011.SZ,11,深物业A,45.75501910380872,52.337470595688586,32.590116120049004
000012.SZ,12,南玻A,66.54905302248318,66.9300044501334,65.78715016718274
000014.SZ,14,沙河股份,44.789845686560454,51.76097267888249,30.847591701916386
000016.SZ,16,深康佳A,61.72586401911311,58.31580275128482,68.54598655476968
000017.SZ,17,深中华A,33.89481987315372,43.53147254562908,14.621514528203008
000019.SZ,19,深粮控股,50.98595572850312,53.211369245696204,46.53512869411696
000020.SZ,20,深华发A,46.990018140115474,51.69333494219774,37.583384535950955
000021.SZ,21,深科技,62.52885227544095,67.27688911574549,53.03277859483185
000023.SZ,23,深天地A,17.5679532976322,22.47659138940607,7.750677114084461
000025.SZ,25,特力A,31.684499314128907,36.399895486315216,22.25370696975628
000026.SZ,26,飞亚达,65.31040052939241,66.46115439374634,63.00889280068455
000027.SZ,27,深圳能源,47.35044334663178,55.66432636564586,30.722677308603608
000028.SZ,28,国药一致,74.34808182829228,66.15465787773573,90.7349297294054
000030.SZ,30,富奥股份,58.97347248560538,63.97908415788369,48.962249141048744
000031.SZ,31,大悦城,42.062563816949606,48.73603762492639,28.71561620099604
000032.SZ,32,深桑达A,37.4997427552984,50.72744190758564,11.044344450723912
000034.SZ,34,神州数码,30.02146732463874,33.84953595643326,22.365330061049704
000035.SZ,35,中国天楹,25.24110894742729,32.485237803890435,10.752851234500994
000036.SZ,36,华联控股,49.42747204203569,57.31382669549647,33.65476273511413
000038.SZ,38,深大通,34.71979964801791,36.21460876167725,31.73018142069924
000039.SZ,39,中集集团,84.07086661373572,76.72748353413121,98.75763277294473
000040.SZ,40,东旭蓝天,36.05932084768059,43.9062456258223,20.365471291397157
000042.SZ,42,中洲控股,43.02147970346582,49.62313046660164,29.8181781771942
000045.SZ,45,深纺织A,34.38817492651217,47.36395003314675,8.43662471324302
000046.SZ,46,泛海控股,66.02846882984585,69.13592111826324,59.813564253011066
000048.SZ,48,京基智农,30.954443538192187,33.369452480599875,26.124425653376818
000049.SZ,49,德赛电池,23.94610728804902,29.56396996350457,12.710381937137925
000050.SZ,50,深天马A,36.10987396995621,40.1015841345059,28.126453640856838
000055.SZ,55,方大集团,93.41563786008228,82.80084798603315,114.64521760818059
000056.SZ,56,皇庭国际,26.008753670432128,26.525441844062577,24.97537732317123
000058.SZ,58,深赛格,60.45921254749774,60.31280910360326,60.75201943528671
000059.SZ,59,华锦股份,35.73050509869674,48.89365987405195,9.404195547986319
000060.SZ,60,中金岭南,70.92030329067374,65.11940186014267,82.52210615173587
000061.SZ,61,农产品,55.05116950598455,50.57626976560915,64.00096898673534
000062.SZ,62,深圳华强,51.311988611795556,47.18950112432594,59.55696358673478
000063.SZ,63,中兴通讯,57.589757309511576,54.25410378531143,64.26106435791186
000065.SZ,65,北方国际,49.085128701686415,53.81037682562733,39.634632453804585
000066.SZ,66,中国长城,69.99241671697848,62.79324231037373,84.39076553018799
000068.SZ,68,华控赛格,64.55390919530632,63.298977868843096,67.06377184823276
000069.SZ,69,华侨城A,45.262354848411505,47.8283195058794,40.1304255334757
000070.SZ,70,特发信息,39.67550530200411,52.48371866750389,14.059078571004562
000078.SZ,78,海王生物,43.08390937536423,50.32975604507921,28.592216035934285
000088.SZ,88,盐田港,52.008371760631505,51.66210658084698,52.70090212020054
000089.SZ,89,深圳机场,78.26826920738168,76.04434823331741,82.71611115551022
000090.SZ,90,天健集团,82.56873253037222,76.73915356801805,94.22789045508054
000096.SZ,96,广聚能源,62.61700359641882,60.999535091984626,65.85194060528721
000099.SZ,99,中信海直,41.64282801319821,46.49419790160523,31.94008823638417
000100.SZ,100,TCL科技,27.577099626482347,34.72913734642129,13.27302418660446
000150.SZ,150,宜华健康,22.613476623098876,23.956912880720456,19.926604107855717
000151.SZ,151,中成股份,29.539402064943904,40.18267838929434,8.252849416243038
000153.SZ,153,丰原药业,39.495768888064774,45.87486014351029,26.73758637717374
000155.SZ,155,川能动力,45.56281771968057,44.84951182118942,46.98942951666287
000156.SZ,156,华数传媒,52.974186307519574,56.343683751091106,46.23519142037651
000157.SZ,157,中联重科,78.65248963477624,74.81623285165954,86.32500320100965
000158.SZ,158,常山北明,49.27772347127189,57.88872395801906,32.055722497777566
000159.SZ,159,国际实业,53.29679585689968,59.016513532432874,41.857360505833284
000166.SZ,166,申万宏源,45.2079502670519,49.08229479808152,37.45926120499266
000301.SZ,301,东方盛虹,19.103440146526044,23.204010598961666,10.902299241654802
000333.SZ,333,美的集团,87.09900834394492,80.4713819736143,100.35426108460618
000338.SZ,338,潍柴动力,87.88612069109752,80.16639691741462,103.32556823846332
000400.SZ,400,许继电气,58.25573517051174,63.023621092777574,48.719963325980075
000401.SZ,401,冀东水泥,52.692075921255,59.10138981080527,39.873448142154444
000402.SZ,402,金融街,71.4458833325491,68.83000210091716,76.67764579581299
000403.SZ,403,派林生物,42.38936365119133,48.73752031328852,29.693050326996953
000404.SZ,404,长虹华意,52.06709485895095,56.32395504606893,43.55337448471499
000407.SZ,407,胜利股份,32.97688597135169,39.17744699524179,20.5757639235715
000408.SZ,408,藏格矿业,43.270566983822576,51.666283364132426,26.47913422320289
000411.SZ,411,英特集团,19.642283195550583,27.131373044884334,4.6641034968830795
000413.SZ,413,东旭光电,39.54395266186962,48.64675091363633,21.338356158336197
000415.SZ,415,渤海租赁,77.59979712049424,74.91379542214686,82.971800517189
000416.SZ,416,民生控股,32.43927276748221,43.36001356799383,10.597791166458961
000417.SZ,417,合肥百货,65.21685901997782,65.60308865442066,64.44439975109213
000419.SZ,419,通程控股,78.2530651194097,74.25262207226778,86.25395121369351
000420.SZ,420,吉林化纤,72.93510102152085,67.683790831939,83.43772140068455
000421.SZ,421,南京公用,40.35773554292075,50.33932688253679,20.394552863688673
000422.SZ,422,湖北宜化,66.6055158173438,64.65355201831053,70.50944341541032
000423.SZ,423,东阿阿胶,64.77623302885814,56.36695100736875,81.59479707183694
000425.SZ,425,徐工机械,51.915450804339756,54.76119216859958,46.223968075820125
000426.SZ,426,兴业矿业,43.08941375641147,53.23194830131648,22.80434466660145
000428.SZ,428,华天酒店,46.17265239727429,57.14407112321079,24.229814945401273
000429.SZ,429,粤高速A,30.506508935864318,43.35496465126098,4.809597505070997
000430.SZ,430,张家界,66.51605989949161,66.88771173294339,65.77275623258805
000488.SZ,488,晨鸣纸业,64.8717362503371,63.762735511706694,67.08973772759788
000498.SZ,498,山东路桥,44.54608745547882,43.89163510178528,45.8549921628659
000501.SZ,501,鄂武商A,81.69141089375958,76.87289759286145,91.32843749555585
000503.SZ,503,国新健康,39.79504918850057,42.76494251047438,33.85526254455296
000504.SZ,504,南华生物,21.75895098768876,30.908472856218367,3.4599072506295414
000505.SZ,505,京粮控股,51.35623207382466,52.01565552645797,50.03738516855803
000506.SZ,506,中润资源,74.63398821423513,65.53666677123468,92.82863110023604
000507.SZ,507,珠海港,37.03803744956002,45.124783807911314,20.86454473285744
000510.SZ,510,新金路,64.05950463921486,61.3787286251055,69.42105666743358
000513.SZ,513,丽珠集团,83.55677607840022,77.25234342325322,96.16564138869421
000514.SZ,514,渝开发,50.37640893882318,55.09845334262341,40.93232013122274
000517.SZ,517,荣安地产,60.3882250243906,56.04753416518125,69.0696067428093
000518.SZ,518,四环生物,30.622072085538452,30.818378063444108,30.229460129727144
000519.SZ,519,中兵红箭,27.492769833040157,36.58434117506882,9.309627148982827
000520.SZ,520,长航凤凰,61.59042946079979,59.63147620555025,65.50833597129888
000521.SZ,521,长虹美菱,36.711230140585435,44.9154092363969,20.30287194896252
000524.SZ,524,岭南控股,44.79282107007503,53.32696757861568,27.72452805299372
000526.SZ,526,学大教育,73.36556161478485,64.89429237820994,90.30810008793469
000528.SZ,528,柳工,66.10751447020641,61.347402054267434,75.62773930208436
000529.SZ,529,广弘控股,40.8041914569776,49.09830021153681,24.21597394785917
000530.SZ,530,冰山冷热,51.43184255054919,58.537947607629384,37.21963243638881
000531.SZ,531,穗恒运A,27.0979783669523,38.12948346038816,5.034968180080583
000532.SZ,532,华金资本,48.683990974053316,55.5781311445913,34.895710632977355
000533.SZ,533,顺钠股份,43.2214673992941,41.492698287170235,46.67900562354181
000534.SZ,534,万泽股份,28.65256698335011,28.223576193286743,29.51054856347684
000536.SZ,536,华映科技,68.7127749015443,66.47692375768837,73.18447718925614
000537.SZ,537,广宇发展,15.021218633847663,22.984461799141688,-0.9052676967403883
000538.SZ,538,云南白药,83.3315743226255,74.52317631205104,100.94837034377443
000539.SZ,539,粤电力A,23.512270520543325,25.99066306098117,18.555485439667635
000540.SZ,540,中天金融,28.64253320165019,26.5462404163961,32.83511877215836
000541.SZ,541,佛山照明,63.325006335759035,69.25004726677363,51.47492447372983
000543.SZ,543,皖能电力,30.5194933837189,43.850995595706806,3.856488959743089
000544.SZ,544,中原环保,46.31511592893704,49.190755796446844,40.563836193917425
000545.SZ,545,金浦钛业,52.062224066581365,58.61315719703518,38.96035780567374
000546.SZ,546,金圆股份,73.91233214278482,72.95125998829701,75.83447645176045
000547.SZ,547,航天发展,51.67276672411557,58.06348865619784,38.89132285995102
000548.SZ,548,湖南投资,39.305505949185175,48.18716255939819,21.542192728759147
000550.SZ,550,江铃汽车,42.1953738990776,51.51744429933729,23.551233098558228
000551.SZ,551,创元科技,31.312933104057922,44.288086244903056,5.362626822367659
000552.SZ,552,靖远煤电,66.69013776186655,67.85176382061198,64.36688564437571
000553.SZ,553,安道麦A,57.5087925575255,57.204121414647716,58.11813484328107
000554.SZ,554,泰山石油,57.522741864371035,57.20066157861784,58.16690243587743
000555.SZ,555,神州信息,58.427201017278364,60.9833457931301,53.31491146557488
000557.SZ,557,西部创业,32.78718716748678,37.43980097330661,23.481959555847112
000558.SZ,558,莱茵体育,26.969593049839922,36.16026520347506,8.588248742569647
000559.SZ,559,万向钱潮,75.73493687999718,73.22040146785824,80.76400770427506
000560.SZ,560,我爱我家,50.60574724772249,51.05544417478572,49.70635339359603
000561.SZ,561,烽火电子,19.13084027193955,28.677938986091917,0.03664284363482295
000563.SZ,563,陕国投A,43.532235939643314,48.51851851851849,33.55967078189295
000565.SZ,565,渝三峡A,82.93772415917257,74.94065591512546,98.9318606472668
000566.SZ,566,海南海药,76.39087401342304,70.7624330200583,87.64775600015253
000567.SZ,567,海德股份,60.10351339708337,58.08659833089273,64.13734352946466
000568.SZ,568,泸州老窖,75.31926227345335,67.28151335437008,91.39476011161989
000570.SZ,570,苏常柴A,71.12482853223582,67.18596903782083,79.00254752106582
000572.SZ,572,海马汽车,27.848532850467674,37.563776533874204,8.418045483654609
000573.SZ,573,粤宏远A,50.67151531624256,53.54570047839165,44.92314499194438
000576.SZ,576,甘化科工,62.25278429688816,62.15621753331414,62.44591782403619
000581.SZ,581,威孚高科,86.88027975601801,77.88089278352507,104.8790537010039
000582.SZ,582,北部湾港,49.0808243237216,47.15590154587373,52.93066987941734
000584.SZ,584,哈工智能,46.17605893326057,54.642518428526635,29.243139942728433
000586.SZ,586,汇源通信,36.91434356458447,46.258404115906295,18.22622246194082
000589.SZ,589,贵州轮胎,67.558234578215,70.47847241560686,61.7177589034313
000590.SZ,590,启迪药业,20.47830334541475,32.97895522954949,-4.523000422854729
000591.SZ,591,太阳能,37.30521262002743,46.28395061728393,19.347736625514443
000592.SZ,592,平潭发展,31.65661649891024,33.852285893304376,27.265277710121964
000593.SZ,593,德龙汇能,27.12167752487722,38.60252033056563,4.159991913500406
000595.SZ,595,宝塔实业,31.053886213716623,42.37427003948939,8.413118562171093
000596.SZ,596,古井贡酒,80.97718161096114,73.59563186188393,95.74028110911556
000597.SZ,597,东北制药,62.58078624980666,59.75616963671849,68.23001947598298
000598.SZ,598,兴蓉环境,65.02292304224676,63.24870513276313,68.57135886121402
000599.SZ,599,青岛双星,75.97505735907288,72.36458461279766,83.19600285162332
000600.SZ,600,建投能源,64.36422823053354,63.52340289106321,66.0458789094742
000601.SZ,601,韶能股份,66.00068427228926,68.24794318621481,61.50616644443815
000603.SZ,603,盛达资源,32.972992880922945,33.86042362473346,31.19813139330192
000605.SZ,605,渤海股份,56.272052675437266,62.36150878684654,44.09314045261871
000607.SZ,607,华媒控股,41.69527849804715,53.43972185577679,18.206391782587886
000608.SZ,608,阳光股份,39.26772810560291,43.65358980412063,30.496004708567483
000610.SZ,610,西安旅游,70.79211169535773,67.19599487302946,77.98434534001427
000612.SZ,612,焦作万方,87.30224051211702,76.07224508459073,109.76223136716962
000615.SZ,615,奥园美谷,34.078573162660504,44.11814806491649,13.999423358148533
000617.SZ,617,中油资本,53.453713188523764,48.31703218792272,63.727075189725866
000619.SZ,619,海螺型材,75.992110676654,72.54319887134984,82.88993428726229
000620.SZ,620,新华联,58.84413936668235,59.574109102499996,57.38419989504705
000622.SZ,622,恒立实业,17.73591782418363,25.90290600035002,1.4019414718508543
000623.SZ,623,吉林敖东,62.715560901457835,59.57722099283961,68.9922407186943
000625.SZ,625,长安汽车,51.327284368694976,56.0319530633538,41.91794697937735
000626.SZ,626,远大控股,41.39723970881825,46.95554662002691,30.280625886400927
000627.SZ,627,天茂集团,72.1757721962064,57.32425145451961,101.87881367957996
000628.SZ,628,高新发展,69.56608599113709,66.79218716349246,75.11388364642636
000629.SZ,629,攀钢钒钛,75.0966519614237,68.44484696336545,88.40026195754021
000630.SZ,630,铜陵有色,66.41632373113838,65.84705075445804,67.55486968449904
000631.SZ,631,顺发恒业,60.49593037706023,66.78173688073163,47.92431736971744
000632.SZ,632,三木集团,48.918574795118076,50.75628715134889,45.24315008265644
000633.SZ,633,合金投资,32.8772250059662,44.269237085882,10.093200846134607
000635.SZ,635,英力特,37.35128777098314,44.261919413355855,23.53002448623772
000636.SZ,636,风华高科,47.0789064230903,44.966054088459856,51.304611092351195
000637.SZ,637,茂化实华,76.0536842408188,69.336679733041,89.4876932563744
000639.SZ,639,西王食品,75.50434648312364,69.34472024827018,87.82359895283057
000650.SZ,650,仁和药业,79.6759231517901,68.12944649479245,102.76887646578541
000651.SZ,651,格力电器,80.03705596291377,76.26516056225483,87.58084676423164
000652.SZ,652,泰达股份,46.01695712806824,54.35977287829139,29.33132562762195
000655.SZ,655,金岭矿业,75.57221743549627,68.93607265321987,88.84450700004908
000656.SZ,656,金科股份,40.810423852189075,39.12704598809147,44.17717958038429
000657.SZ,657,中钨高新,61.865581986505745,63.95114743811343,57.69445108329039
000659.SZ,659,珠海中富,16.30815756841417,21.793255802050407,5.337961101141694
000661.SZ,661,长春高新,82.60916538134016,73.5846174365772,100.65826127086606
000663.SZ,663,永安林业,34.82411517725902,42.118547544904104,20.235250441968844
000665.SZ,665,湖北广电,34.06668091853273,44.159674344859496,13.880694065879197
000666.SZ,666,经纬纺机,36.62759280043232,47.102714386664985,15.677349627966976
000667.SZ,667,美好置业,29.25621094345381,33.04374333180924,21.68114616674295
000668.SZ,668,荣丰控股,20.710039845842292,28.620419361160092,4.889280815206696
000671.SZ,671,阳光城,60.09247342580679,55.76793724941871,68.74154577858295
000672.SZ,672,上峰水泥,70.56054085656953,64.54535967760745,82.5909032144937
000676.SZ,676,智度股份,74.910961466517,67.0932784636488,90.54632747225338
000677.SZ,677,恒天海龙,50.27790479093639,59.23196957490514,32.36977522299888
000678.SZ,678,襄阳轴承,43.95447786297459,53.19239495274353,25.47864368343673
000679.SZ,679,大连友谊,55.961314566979055,63.39292918813614,41.09808532466488
000680.SZ,680,山推股份,39.86736672815856,46.57601508366305,26.45007001714957
000681.SZ,681,视觉中国,63.794268382482066,65.24179220207722,60.89922074329175
000682.SZ,682,东方电子,26.075356838415757,31.733798231725725,14.758474051795822
000683.SZ,683,远兴能源,63.56786414119288,68.50162158039693,53.70034926278478
000685.SZ,685,中山公用,64.01339954862098,65.41051277725201,61.219173091358925
000686.SZ,686,东北证券,29.441265887228276,41.32677663328659,5.670244395111652
000688.SZ,688,国城矿业,61.20082747024199,57.384508164078,68.83346608256997
000690.SZ,690,宝新能源,40.68057114353405,44.262065095398405,33.51758323980535
000691.SZ,691,亚太实业,18.257972398350383,22.52645226647753,9.721012662096086
000692.SZ,692,惠天热电,37.697290651292995,53.13081172997536,6.830248493928252
000695.SZ,695,滨海能源,57.588837081193354,62.96435896547659,46.83779331262687
000697.SZ,697,炼石航空,24.75313794304349,27.23283165367403,19.793750521782407
000698.SZ,698,沈阳化工,70.94372591286165,71.24518257234301,70.34081259389893
000700.SZ,700,模塑科技,47.378890534093166,53.716933656908665,34.702804288462175
000701.SZ,701,厦门信达,38.213883344790084,48.22109681624366,18.19945640188294
000702.SZ,702,正虹科技,63.566419086319904,60.181302028214816,70.33665320253007
000703.SZ,703,恒逸石化,74.93434489464018,66.96910781804101,90.86481904783852
000705.SZ,705,浙江震元,39.7799333725259,46.89261218890843,25.55457573976085
000707.SZ,707,双环科技,73.67701708442456,70.28706821299417,80.45691482728535
000709.SZ,709,河钢股份,83.74111871302554,77.14929622126806,96.92476369654051
000710.SZ,710,贝瑞基因,71.99493497380367,61.835295723203686,92.31421347500364
000711.SZ,711,京蓝科技,30.43553272799765,35.09398245669002,21.118633270612904
000712.SZ,712,锦龙股份,22.398086794222074,36.439699145013165,-5.685137907360115
000713.SZ,713,丰乐种业,60.61185444355865,61.46843831328712,58.89868670410169
000715.SZ,715,中兴商业,55.7838914333511,58.74238727937295,49.86689974130741
000716.SZ,716,黑芝麻,64.85388473722155,60.943300458375276,72.67505329491408
000717.SZ,717,韶钢松山,73.29202615837079,69.89981867598615,80.07644112314006
000718.SZ,718,苏宁环球,26.58581701791583,34.46086378185142,10.835723490044643
000719.SZ,719,中原传媒,60.472597818276974,61.899862825788844,57.61806780325324
000720.SZ,720,新能泰山,72.61340938079078,67.68115418862652,82.47791976511931
000721.SZ,721,西安饮食,34.1760808427475,45.5996525626155,11.328937403011508
000722.SZ,722,湖南发展,33.269935564779495,42.3051685361054,15.19946962212768
000723.SZ,723,美锦能源,75.47945766209828,74.81306324959135,76.81224648711213
000725.SZ,725,京东方A,56.69499225054784,56.637272192827766,56.81043236598799
000726.SZ,726,鲁泰A,35.694689398393116,37.825088883289936,31.433890428599483
000727.SZ,727,冠捷科技,51.455511026236444,54.362289344940834,45.641954388827656
000728.SZ,728,国元证券,32.9604014834582,44.43860304574986,10.003998358874881
000729.SZ,729,燕京啤酒,61.96538523608238,61.97155342035514,61.95304886753685
000731.SZ,731,四川美丰,60.751292603144464,62.497475090067695,57.258927629298
000732.SZ,732,泰禾集团,24.03224606072699,28.707201774406954,14.682334633367063
000733.SZ,733,振华科技,47.92386286981434,53.14580034825789,37.47998791292724
000735.SZ,735,罗牛山,42.23189083992538,40.36872725734135,45.95821800509344
000736.SZ,736,中交地产,35.10368373530587,36.51899326125766,32.27306468340228
000737.SZ,737,北方铜业,72.42295904131653,65.48122977001131,86.30641758392699
000738.SZ,738,航发控制,35.403362653601945,39.19039904545734,27.829289869891156
000739.SZ,739,普洛药业,81.12754330324347,68.73699866373288,105.90863258226466
000750.SZ,750,国海证券,20.556179240160432,30.75977828861672,0.14898114324785894
000751.SZ,751,锌业股份,77.49104238637244,70.76170683256026,90.9497134939968
000753.SZ,753,漳州发展,35.41827820580261,37.02311333890283,32.20860793960216
000755.SZ,755,山西路桥,31.39773518374353,35.04405233158147,24.105100888067653
000756.SZ,756,新华制药,56.69111746747278,58.69349044828434,52.68637150584965
000757.SZ,757,浩物股份,44.80613644634808,53.65695249293131,27.104504353181596
000758.SZ,758,中色股份,66.40128694500672,61.362044492079384,76.47977185086138
000759.SZ,759,中百集团,67.1520330186815,67.95493157576645,65.54623590451158
000761.SZ,761,本钢板材,69.34359599654529,65.74658334603467,76.53762129756655
000762.SZ,762,西藏矿业,79.20211323503506,73.76605561790745,90.07422846929026
000766.SZ,766,通化金马,42.90594612232036,44.34135282088493,40.03513272519122
000767.SZ,767,晋控电力,61.01983750131909,63.90665119060189,55.24621012275347
000768.SZ,768,中航西飞,51.02996844463796,49.93816694615528,53.21357144160331
000776.SZ,776,广发证券,67.19883863348483,70.86073947672773,59.87503694699902
000777.SZ,777,中核科技,51.65090122974499,58.38404096963883,38.1846217499573
000778.SZ,778,新兴铸管,66.3200292857685,64.16575662785884,70.62857460158781
000779.SZ,779,甘咨询,37.62615128355872,42.16882226141485,28.540809327846446
000782.SZ,782,美达股份,31.99738855512281,37.005840390008885,21.980484885350663
000783.SZ,783,长江证券,33.51446819032961,46.18177020077983,8.179864169429166
000786.SZ,786,北新建材,81.26390869659483,73.96200437822446,95.86771733333555
000788.SZ,788,北大医药,53.881357173538156,55.43441469367387,50.775242133266715
000789.SZ,789,万年青,87.09633151459704,78.34571677058295,104.59756100262518
000790.SZ,790,华神科技,50.2077838377938,55.212617511861524,40.19811648965836
000791.SZ,791,甘肃电投,47.26479565985731,48.745288498374855,44.303809982822216
000792.SZ,792,盐湖股份,42.33833890345241,34.23760443871953,58.53980783291817
000793.SZ,793,华闻集团,56.68351783586847,61.41053159630589,47.229490314993626
000795.SZ,795,英洛华,55.16955060126715,59.027699159946984,47.45325348390749
000796.SZ,796,凯撒旅业,47.68010860335072,54.51297474915296,34.01437631174622
000797.SZ,797,中国武夷,43.4423772031499,54.28005788001372,21.767015849422265
000798.SZ,798,中水渔业,59.4984074799016,61.12966254535684,56.23589734899113
000799.SZ,799,酒鬼酒,76.65468061341565,72.04701238642745,85.87001706739204
000800.SZ,800,一汽解放,41.01496763591228,48.20020948199748,26.64448394374186
000801.SZ,801,四川九洲,48.37775031645072,51.73970748289338,41.653835983565415
000803.SZ,803,北清环能,46.481465213391104,53.35462735295833,32.735140934256634
000807.SZ,807,云铝股份,72.26150005538088,67.3216607451712,82.14117867580023
000809.SZ,809,铁岭新城,72.09101210711523,70.48309178743966,75.30685274646638
000810.SZ,810,创维数字,55.03237241436763,55.391489197648525,54.31413884780585
000811.SZ,811,冰轮环境,59.48610422339964,62.530849697085685,53.39661327602755
000812.SZ,812,陕西金叶,74.35963767575797,67.75060946383437,87.57769409960517
000813.SZ,813,德展健康,63.43203081535839,64.56637235790996,61.16334773025525
000815.SZ,815,美利云,29.873293269412038,42.417080721581584,4.785718365072938
000816.SZ,816,智慧农业,62.80319535221493,64.9018711279665,58.605843800711796
000818.SZ,818,航锦科技,41.418519635719896,48.381160120017626,27.493238667124444
000819.SZ,819,岳阳兴长,38.48965757859307,44.98790932118435,25.49315409341051
000821.SZ,821,京山轻机,53.912575450783905,57.577752034154706,46.58222228404232
000822.SZ,822,山东海化,74.03157696549142,66.87915220958077,88.33642647731276
000823.SZ,823,超声电子,47.11506651735163,56.43977193870434,28.4656556746462
000825.SZ,825,太钢不锈,76.69997586749994,72.38248107503938,85.33496545242107
000826.SZ,826,启迪环境,60.91746388042672,54.11077262929108,74.530846382698
000828.SZ,828,东莞控股,48.30992075909079,53.30859270231385,38.31257687264464
000829.SZ,829,天音控股,41.105057674258454,48.0297173766959,27.255738269383556
000830.SZ,830,鲁西化工,74.6485225667857,65.276143215692,93.39328126897311
000831.SZ,831,五矿稀土,57.88641681887864,53.6764400235714,66.3063704094931
000833.SZ,833,粤桂股份,73.87719194866693,69.95464164101807,81.72229256396466
000836.SZ,836,富通信息,31.246901252016492,38.427599985395176,16.885503785259118
000837.SZ,837,秦川机床,37.72061894580927,48.8511433915214,15.459570054385026
000838.SZ,838,财信发展,29.539387872721115,38.30918460548082,11.999794407201705
000839.SZ,839,中信国安,24.67394328064523,32.72290094747472,8.576027946986244
000848.SZ,848,承德露露,67.0955962843087,60.046270275547144,81.1942483018318
000850.SZ,850,华茂股份,65.94160297863993,65.89751126788158,66.02978640015664
000851.SZ,851,高鸿股份,26.195607293407885,35.54551685934679,7.495788161530072
000852.SZ,852,石化机械,66.74384309023779,63.64416469265278,72.94319988540781
000856.SZ,856,冀东装备,34.82332006265207,46.504830793859554,11.46029860023711
000858.SZ,858,五粮液,82.8444739476748,72.77557514436764,102.98227155428913
000859.SZ,859,国风新材,47.8714467220214,53.60484581429661,36.40464853747099
000860.SZ,860,顺鑫农业,82.21015741424833,77.47041277235118,91.68964669804262
000861.SZ,861,海印股份,40.78646547782346,41.332984954384116,39.69342652470215
000862.SZ,862,银星能源,38.95798132924389,43.08505886468509,30.703826258361502
000863.SZ,863,三湘印象,66.46184167901134,67.45677533236059,64.47197437231284
000868.SZ,868,安凯客车,54.489030759018874,58.831757056774535,45.80357816350755
000869.SZ,869,张裕A,71.18216069350264,65.93181802522352,81.68284603006089
000875.SZ,875,吉电股份,73.32218334396984,69.20255569493044,81.56143864204864
000876.SZ,876,新希望,52.93481347947577,55.234540165549575,48.33536010732817
000877.SZ,877,天山股份,75.81488013586778,68.00901430531056,91.42661179698223
000878.SZ,878,云南铜业,76.04299576864733,70.35890289662575,87.41118151269049
000880.SZ,880,潍柴重机,34.91074765843287,43.24080232027764,18.25063833474333
000881.SZ,881,中广核技,62.30961701690492,58.623625588977994,69.68159987275878
000882.SZ,882,华联股份,75.00469280196371,71.52191177532305,81.97025485524506
000883.SZ,883,湖北能源,85.66395412399298,77.71042833420992,101.57100570355908
000885.SZ,885,城发环境,46.7499583117351,54.08187706020572,32.08612081479386
000886.SZ,886,海南高速,44.52240208442337,54.33569418740551,24.8958178784591
000887.SZ,887,中鼎股份,53.1874246070911,48.81343345319243,61.93540691488846
000888.SZ,888,峨眉山A,83.53400147469654,78.766542882698,93.0689186586936
000889.SZ,889,中嘉博创,53.148238831663875,54.09292316059649,51.25887017379863
000890.SZ,890,法尔胜,19.95101659792264,32.3404657795663,-4.827881765364687
000892.SZ,892,欢瑞世纪,32.93585896760496,47.55348903497048,3.700598832873908
000893.SZ,893,亚钾国际,48.61823361823356,55.09654954099396,35.66160177271277
000897.SZ,897,津滨发展,60.78159171708795,65.6296839794463,51.085407192371235
000898.SZ,898,鞍钢股份,82.76251161555825,74.1154791931375,100.05657646039975
000899.SZ,899,赣能股份,33.15258356893106,44.66213300440636,10.133484697980464
000900.SZ,900,现代投资,83.54145215765863,77.99205810028779,94.64024027240029
000901.SZ,901,航天科技,26.14758829088177,34.46899452459235,9.50477582346062
000902.SZ,902,新洋丰,44.11065386374026,49.849108367626904,32.63374485596698
000903.SZ,903,云内动力,79.69767738154378,75.99929077110583,87.0944506024197
000905.SZ,905,厦门港务,43.12833562384051,39.61587384612456,50.153259179272425
000906.SZ,906,浙商中拓,72.83247159790363,62.68298688051767,93.13144103267557
000908.SZ,908,景峰医药,44.46090534979426,45.92794744061797,41.52682116814685
000909.SZ,909,数源科技,34.441850507704814,45.913378688440574,11.498794146233294
000910.SZ,910,大亚圣象,79.14733204568695,69.24075886769644,98.96047840166798
000911.SZ,911,南宁糖业,72.19318004487573,67.05003761599022,82.47946490264675
000912.SZ,912,泸天化,75.01507248552163,70.13667387977866,84.77186969700759
000913.SZ,913,钱江摩托,36.27270693707271,41.130636567315634,26.55684767658687
000915.SZ,915,华特达因,81.91868016464198,72.04914236265147,101.65775576862302
000917.SZ,917,电广传媒,32.11393942295003,45.470700949330435,5.40041637018922
000918.SZ,918,嘉凯城,17.447252876539153,22.368237049993922,7.605284529629614
000919.SZ,919,金陵药业,83.90851962239779,76.68757153804455,98.35041579110427
000920.SZ,920,沃顿科技,87.21008999507174,78.7346773045461,104.16091537612306
000921.SZ,921,海信家电,68.99936956114658,64.23789272710357,78.5223232292326
000922.SZ,922,佳电股份,38.97099522792289,47.04502117069478,22.82294334237912
000923.SZ,923,河钢资源,40.90372004832822,51.98488627145117,18.741387602082327
000925.SZ,925,众合科技,48.27411232230506,52.33097469242043,40.16038758207431
000926.SZ,926,福星股份,73.02385096265917,72.55756708252669,73.95641872292413
000927.SZ,927,中国铁物,45.5249551545848,51.376716561901745,33.82143233995092
000928.SZ,928,中钢国际,54.49043815056881,56.233357540547054,51.0045993706123
000929.SZ,929,兰州黄河,59.398977678186846,57.97476098648045,62.24741106159965
000930.SZ,930,中粮科技,49.25232856822609,49.4851339762217,48.78671775223488
000931.SZ,931,中关村,70.08152174430595,69.2669899501019,71.71058533271403
000932.SZ,932,华菱钢铁,85.69880483922252,73.84887599033209,109.39866253700336
000933.SZ,933,神火股份,71.90368385111515,67.61133893750375,80.48837367833795
000935.SZ,935,四川双马,51.01825472195839,54.16846527957635,44.71783360672248
000936.SZ,936,华西股份,42.26370709865072,52.22076560643387,22.349590083084422
000937.SZ,937,冀中能源,73.22973665566263,70.84237778682225,78.0044543933434
000938.SZ,938,紫光股份,45.03801242772201,50.019424150673,35.075188981820034
000948.SZ,948,南天信息,34.87909189206676,46.64279905586179,11.351677564476702
000949.SZ,949,新乡化纤,85.22148871585247,78.04971732507951,99.5650314973984
000950.SZ,950,重药控股,41.342490950333996,47.897910359783936,28.231652131434117
000951.SZ,951,中国重汽,77.72173501327646,73.65271022767998,85.85978458446942
000952.SZ,952,广济药业,48.01489320007833,47.56809719772679,48.9084852047814
000953.SZ,953,河化股份,20.208614815502433,26.210588198892296,8.20466804872271
000955.SZ,955,欣龙控股,29.1356756968616,42.05012649648148,3.3067740976218403
000957.SZ,957,中通客车,72.41156955565802,72.7361073876121,71.76249389174987
000958.SZ,958,东方能源,45.118776038316284,49.05582931125714,37.244669492434554
000959.SZ,959,首钢股份,82.56036907185475,76.7553369166334,94.17043338229746
000960.SZ,960,锡业股份,62.48623282198146,62.607777441909775,62.243143582124844
000961.SZ,961,中南建设,59.049437074128456,61.54359890985407,54.06111340267722
000962.SZ,962,东方钽业,56.73165711171528,59.78970038139872,50.61557057234842
000963.SZ,963,华东医药,83.05182572762354,74.24552124447861,100.66443469391339
000965.SZ,965,天保基建,35.299767684943696,50.54859249528648,4.802118064258124
000966.SZ,966,长源电力,56.19189147995729,57.04605497129501,54.48356449728186
000967.SZ,967,盈峰环境,45.257404967549846,45.37549407114621,45.02122676035711
000968.SZ,968,蓝焰控股,57.55262286552192,51.168646877459096,70.32057484164756
000969.SZ,969,安泰科技,63.246003964575735,59.78977195669137,70.15846798034448
000970.SZ,970,中科三环,59.869452673447526,60.62896867811867,58.35042066410523
000973.SZ,973,佛塑科技,54.7512696771401,56.66687288098805,50.9200632694442
000975.SZ,975,银泰黄金,30.20446325856799,36.763158576961544,17.08707262178089
000976.SZ,976,华铁股份,22.384931079879365,28.499703607907243,10.15538602382361
000977.SZ,977,浪潮信息,53.30657182153607,52.30256764960279,55.31458016540262
000978.SZ,978,桂林旅游,60.01525512246768,60.680207814710776,58.68534973798147
000982.SZ,982,中银绒业,46.529492455418364,50.864197530864175,37.86008230452674
000983.SZ,983,山西焦煤,76.64594979536454,68.23366153811506,93.47052630986352
000985.SZ,985,大庆华科,56.957531983987074,58.53475546597244,53.80308502001634
000988.SZ,988,华工科技,53.4141568203741,58.8207489860787,42.60097248896491
000989.SZ,989,九芝堂,62.24642907770483,62.12603430710428,62.487218618905956
000990.SZ,990,诚志股份,58.99845890700942,59.45909329539873,58.077190130230804
000993.SZ,993,闽东电力,39.94782601165569,44.60765192837685,30.62817417821337
000995.SZ,995,皇台酒业,46.36171727680849,48.49568560230378,42.093780625817914
000997.SZ,997,新大陆,78.22808426331589,74.15296363341271,86.37832552312224
000998.SZ,998,隆平高科,21.492858244216244,28.823695453241466,6.831183826165791
000999.SZ,999,华润三九,41.540336899244124,38.10211522622656,48.416780245279256
001696.SZ,1696,宗申动力,74.01476726405842,71.01054369166206,80.02321440885112
001872.SZ,1872,招商港口,42.763333725559626,49.56669763229554,29.156605912087798
001896.SZ,1896,豫能控股,75.591277168338,74.12705308762649,78.519725329761
001914.SZ,1914,招商积余,41.56568242589747,51.87208030696678,20.952886663758846
001965.SZ,1965,招商公路,45.296685574463154,48.035226584609205,39.81960355417107
001979.SZ,1979,招商蛇口,79.86705072287279,70.99572691222353,97.6096983441713
002001.SZ,2001,新和成,72.11516186651767,66.77429054476922,82.79690451001457
002002.SZ,2002,鸿达兴业,73.09537030241341,70.92741974344887,77.43127142034251
002003.SZ,2003,伟星股份,36.49566302587741,41.45406137330389,26.57886633102447
002004.SZ,2004,华邦健康,64.47187928669419,64.70050297210794,64.01463191586669
002006.SZ,2006,精功科技,27.872279293442297,31.788575256521863,20.03968736728317
002007.SZ,2007,华兰生物,82.2670905811776,72.27195441807211,102.25736290738857
002008.SZ,2008,大族激光,76.59502026269797,65.94441006251293,97.89624066306806
002009.SZ,2009,天奇股份,53.212927129950174,56.772505966507914,46.09376945683469
002010.SZ,2010,传化智联,68.88810188543087,65.4801324965273,75.704040663238
002011.SZ,2011,盾安环境,49.11945439957909,55.60942121392257,36.13952077089212
002012.SZ,2012,凯恩股份,47.48834618329449,57.735625436421685,26.993787677040103
002013.SZ,2013,中航机电,51.20147693748257,56.30450442010155,40.9954219722446
002014.SZ,2014,永新股份,78.63346241513881,72.16878854305753,91.56281015930136
002015.SZ,2015,协鑫能科,49.747699354090216,54.79816947355083,39.646759115168976
002016.SZ,2016,世荣兆业,72.90009350069928,70.88843949477976,76.92340151253833
002017.SZ,2017,东信和平,23.900335117051764,36.543713127663196,-1.3864209041711035
002019.SZ,2019,亿帆医药,66.89946559979101,58.08112280181314,84.53615119574675
002020.SZ,2020,京新药业,77.45783901007778,72.46773053738224,87.43805595546885
002022.SZ,2022,科华生物,40.84305812343028,50.12726417271059,22.274646024869668
002023.SZ,2023,海特高新,21.43297660372652,27.165501670858184,9.967926469463194
002024.SZ,2024,苏宁易购,80.14936124251633,74.9308279809751,90.58642776559881
002025.SZ,2025,航天电器,78.78476897308931,73.97332806694712,88.4076507853737
002026.SZ,2026,山东威达,42.08727486505264,52.00220903924607,22.25740651666578
002027.SZ,2027,分众传媒,83.11081600394297,72.5233225782332,104.2858028553625
002028.SZ,2028,思源电气,36.78864084078516,49.23494435677672,11.896033808802045
002029.SZ,2029,七匹狼,45.399136757161386,51.46997492676501,33.257460417954135
002030.SZ,2030,达安基因,39.27115970277977,42.33800949994905,33.1374601084412
002031.SZ,2031,巨轮智能,51.34947357169574,58.23512906846234,37.578162578162534
002032.SZ,2032,苏泊尔,51.833604810415494,54.458452934071005,46.58390856310447
002033.SZ,2033,丽江股份,80.91911502428475,73.97969552447873,94.7979540238968
002034.SZ,2034,旺能环境,72.76994313081484,70.14190970449319,78.02600998345812
002035.SZ,2035,华帝股份,64.3355027009249,53.610267162555196,85.78597377766432
002036.SZ,2036,联创电子,39.38703923984617,47.65134727435142,22.858423170835664
002037.SZ,2037,保利联合,50.49271566984926,56.17141625595727,39.13531449763326
002038.SZ,2038,双鹭药业,70.40207801902898,61.2151968101588,88.77584043676933
002039.SZ,2039,黔源电力,65.70788231476168,60.36188782675303,76.39987129077898
002040.SZ,2040,南京港,24.155874280337308,34.12561268791244,4.216397465187043
002041.SZ,2041,登海种业,32.91396140602489,34.90892289172715,28.924038434620357
002042.SZ,2042,华孚时尚,68.44600513851152,63.721470095285724,77.89507522496314
002043.SZ,2043,兔宝宝,30.63452870860271,40.92651381540264,10.050558495002832
002044.SZ,2044,美年健康,78.2914314660601,66.39509210881737,102.0841101805456
002045.SZ,2045,国光电器,30.75650488819214,41.55329109238574,9.162932479804937
002046.SZ,2046,国机精工,32.60925963600073,42.61684693049174,12.594085047018709
002047.SZ,2047,宝鹰股份,55.16773263541429,59.06315643853215,47.37688502917857
002048.SZ,2048,宁波华翔,42.44298400017844,46.623629000722836,34.08169399908965
002049.SZ,2049,紫光国微,48.96988800811924,47.42593753037713,52.05778896360346
002050.SZ,2050,三花智控,48.77776276289456,60.33737164121884,25.658545006246015
002051.SZ,2051,中工国际,56.33435259756878,50.924759638832704,67.15353851504092
002053.SZ,2053,云南能投,49.60594364781156,51.58389353236371,45.65004387870725
002054.SZ,2054,德美化工,62.94025899266576,66.10532759417954,56.610121789638214
002055.SZ,2055,得润电子,44.15767590171447,54.11360380792143,24.24582008930055
002056.SZ,2056,横店东磁,42.33091755916908,48.582233474567666,29.82828572837191
002057.SZ,2057,中钢天源,65.99362108783822,64.5404091732877,68.90004491693927
002059.SZ,2059,云南旅游,52.38757001035577,54.831765047143435,47.49917993678045
002060.SZ,2060,粤水电,57.2825788751715,63.01966163694559,45.808413351623315
002061.SZ,2061,浙江交科,15.102717293593596,19.375390387344765,6.557371106091253
002062.SZ,2062,宏润建设,52.51860261606847,59.20784868153286,39.14011048513969
002063.SZ,2063,远光软件,82.16955840065657,79.08249253653108,88.34369012890755
002064.SZ,2064,华峰化学,69.69383764624156,64.96570214975002,79.15010863922467
002065.SZ,2065,东华软件,35.37737073862411,45.89873666122456,14.334638893423204
002066.SZ,2066,瑞泰科技,49.43569041974014,54.74992351175098,38.80722423571848
002067.SZ,2067,景兴纸业,34.61617508591313,41.97674251874793,19.895040220243516
002068.SZ,2068,黑猫股份,71.08563590045087,61.904761904762,89.4473838918286
002069.SZ,2069,獐子岛,69.10548558285181,65.81818181818178,75.68009311219186
002073.SZ,2073,软控股份,59.445513334402214,63.47130921204993,51.393921579106774
002074.SZ,2074,国轩高科,54.300377286154784,62.08479358425306,38.73154468995821
002075.SZ,2075,沙钢股份,76.51914092725092,68.93800925859541,91.6814042645619
002077.SZ,2077,大港股份,50.40727471153426,56.587333913035906,38.04715630853096
002078.SZ,2078,太阳纸业,76.523641794023,69.65969068826323,90.25154400554257
002079.SZ,2079,苏州固锝,36.33766448676798,46.86593408714303,15.281125286017868
002080.SZ,2080,中材科技,78.51337272817682,74.89422576315128,85.75166665822789
002081.SZ,2081,金螳螂,71.67356255181224,68.05721911814463,78.90624941914746
002082.SZ,2082,万邦德,70.68068275479467,67.89638076670613,76.24928673097176
002083.SZ,2083,孚日股份,69.26124674562357,71.65534473569676,64.47305076547718
002084.SZ,2084,海鸥住工,77.44628588167839,73.84822208778652,84.64241346946213
002085.SZ,2085,万丰奥威,12.539682539682538,21.73993511442071,-5.860822609793807
002087.SZ,2087,新野纺织,78.72833038902343,74.40301987494345,87.37895141718337
002088.SZ,2088,鲁阳节能,81.17514515164171,74.82983766262426,93.86576012967663
002090.SZ,2090,金智科技,34.52352278789805,36.272930927035624,31.024706509622902
002091.SZ,2091,江苏国泰,40.392661403342096,48.31860772559002,24.540768758846255
002092.SZ,2092,中泰化学,78.42226765347577,67.42015633281743,100.42649029479244
002093.SZ,2093,国脉科技,38.25564884621183,45.1660468880659,24.43485276250368
002094.SZ,2094,青岛金王,52.50674524819556,58.42922979857788,40.66177614743091
002095.SZ,2095,生意宝,49.83937488060265,54.69243826861093,40.1332481045861
002096.SZ,2096,南岭民爆,76.81740076095865,74.08340198677078,82.28539830933437
002097.SZ,2097,山河智能,56.02984430878538,58.108046362882966,51.873440200590196
002098.SZ,2098,浔兴股份,61.00441923368652,67.87292224831984,47.26741320441988
002099.SZ,2099,海翔药业,85.9441655737953,78.42269755850009,100.98710160438571
002100.SZ,2100,天康生物,62.993813261746865,64.05465810138153,60.87212358247751
002101.SZ,2101,广东鸿图,67.00697761017156,68.81934791019609,63.38223701012251
002103.SZ,2103,广博股份,23.352138595172516,35.61044571397689,-1.16447564243623
002104.SZ,2104,恒宝股份,24.79579503010794,32.19551483281833,9.996355424687152
002105.SZ,2105,信隆健康,44.47056275401657,51.294397252429626,30.82289375719047
002106.SZ,2106,莱宝高科,42.056064794860944,52.513902793389924,21.140388797802984
002107.SZ,2107,沃华医药,51.50658625570786,48.44641540180512,57.626927963513324
002108.SZ,2108,沧州明珠,35.39019776271522,48.245871541631075,9.678850204883503
002109.SZ,2109,兴化股份,60.53909465020569,59.35116598079557,62.91495198902592
002110.SZ,2110,三钢闽光,83.55342084524213,77.02365639951248,96.61294973670144
002111.SZ,2111,威海广泰,55.199905767599205,57.61155594480212,50.376605413193374
002114.SZ,2114,罗平锌电,68.22240782273721,63.97420527791909,76.71881291237345
002115.SZ,2115,三维通信,31.454540532583543,33.95845260450365,26.44671638874334
002116.SZ,2116,中国海诚,78.99388504856657,72.84080283392426,91.30004947785119
002117.SZ,2117,东港股份,17.74367521594842,25.39789332020801,2.435239007429246
002118.SZ,2118,紫鑫药业,53.963647220832414,55.99686623371464,49.89720919506797
002119.SZ,2119,康强电子,36.08611350587935,44.78240168591684,18.693537145804356
002120.SZ,2120,韵达股份,63.17150862795429,61.59263055930975,66.32926476524337
002121.SZ,2121,科陆电子,63.36589862017757,65.45626456196496,59.18516673660278
600000.SH,600000,浦发银行,81.93722833540237,76.41410201906683,92.98348096807342
600004.SH,600004,白云机场,61.42129648510555,48.76215933701717,86.73957078128231
600006.SH,600006,东风汽车,35.363466610805816,43.20244345787124,19.685512916674966
600007.SH,600007,中国国贸,65.80641107139158,63.08697594203975,71.24528133009524
600008.SH,600008,首创环保,42.604742308445964,51.551048402900214,24.712130119537463
600009.SH,600009,上海机场,49.482611918388166,36.71095428545203,75.02592718426044
600010.SH,600010,包钢股份,71.4786509025192,65.86321771506955,82.70951727741851
600011.SH,600011,华能国际,49.40924007695001,47.43498025188164,53.357759727086744
600012.SH,600012,皖通高速,65.52937873982415,65.29809914346522,65.99193793254202
600015.SH,600015,华夏银行,63.485753549476115,57.399490638046785,75.65827937233479
600016.SH,600016,民生银行,64.33710010673167,61.00172421854718,71.00785188310064
600017.SH,600017,日照港,49.71545924078907,54.31867889296576,40.509019936435706
600018.SH,600018,上港集团,51.14375626793925,54.534518334082605,44.36223213565256
600019.SH,600019,宝钢股份,83.78568057181101,75.9095012024607,99.53803931051164
600020.SH,600020,中原高速,63.711542230060715,63.28434254360177,64.5659416029786
600021.SH,600021,上海电力,50.70019017508369,49.35491010140048,53.39075032245012
600022.SH,600022,山东钢铁,67.0178929438188,67.59372314927865,65.86623253289909
600023.SH,600023,浙能电力,24.71387792050553,28.713922349399855,16.71378906271689
600025.SH,600025,华能水电,30.973477887058156,37.05092511676874,18.818583427636995
600026.SH,600026,中远海能,64.04300822754358,60.56294318152663,71.0031383195775
600027.SH,600027,华电国际,71.05113365116725,60.91477024051119,91.32386047247937
600028.SH,600028,中国石化,81.58124454420755,73.16789292097931,98.40794779066402
600029.SH,600029,南方航空,62.491194082879296,64.07677059102511,59.32004106658766
600031.SH,600031,三一重工,84.50429515749397,79.0208269890158,95.47123149445031
600033.SH,600033,福建高速,68.25788751714676,68.58710562414262,67.59945130315504
600035.SH,600035,楚天高速,41.03052508757065,46.388707812008505,30.314159638694946
600036.SH,600036,招商银行,84.6605331766505,79.12440987567271,95.73277977860607
600037.SH,600037,歌华有线,47.48216277758519,53.78514432423143,34.8761996842927
600038.SH,600038,中直股份,69.69114110464884,64.28016767626617,80.51308796141416
600039.SH,600039,四川路桥,43.25352288315263,46.57687991021332,36.60680882903122
600048.SH,600048,保利发展,60.54488746433657,51.922997637642624,77.78866711772446
600050.SH,600050,中国联通,73.35818471084174,68.5827021575814,82.90914981736245
600051.SH,600051,宁波联合,59.02166069108708,63.196443751475215,50.672094570310804
600052.SH,600052,东望时代,50.61908887444942,53.33441628763261,45.18843404808305
600053.SH,600053,九鼎投资,34.0323777689801,45.55388250184999,10.989368303240312
600054.SH,600054,黄山旅游,73.31552269242906,67.81794219121741,84.31068369485234
600055.SH,600055,万东医疗,79.8062884351043,71.80047293119591,95.8179194429211
600056.SH,600056,中国医药,75.5926319519294,71.03266093147725,84.71257399283371
600057.SH,600057,厦门象屿,48.38069109674049,50.5179959500947,44.106081390032074
600058.SH,600058,五矿发展,83.74038157415725,76.96619049242767,97.28876373761642
600059.SH,600059,古越龙山,72.54184141095104,69.30874773200276,79.0080287688476
600060.SH,600060,海信视像,43.21397895305155,40.02399196222303,49.59395293470861
600061.SH,600061,国投资本,30.434994309201947,39.8417528537279,11.621477220150041
600062.SH,600062,华润双鹤,67.29079919586451,55.41571494300797,91.04096770157759
600063.SH,600063,皖维高新,76.57765188629375,73.84771911520875,82.03751742846376
600064.SH,600064,南京高科,71.92858366700997,62.10457664827917,91.57659770447158
600066.SH,600066,宇通客车,26.088846821322512,31.40393834858735,15.458663766792846
600067.SH,600067,冠城大通,61.233897080640325,65.78387249821898,52.133946245483
600070.SH,600070,浙江富润,23.24394426939836,34.985136497802785,-0.23844018741048956
600071.SH,600071,凤凰光学,61.1516484573324,63.068229176488344,57.31848701902052
600072.SH,600072,中船科技,23.71665679676381,34.116727825768606,2.9165147387542163
600073.SH,600073,上海梅林,66.24680235791342,61.49204760315868,75.75631186742291
600075.SH,600075,新疆天业,35.62153862356718,41.34567113021605,24.17327361026946
600076.SH,600076,康欣新材,62.14821572165116,63.072729361362775,60.299188442227944
600077.SH,600077,宋都股份,47.50023043098734,53.98970922320363,34.52127284655475
600079.SH,600079,人福医药,58.39549272796694,42.24701696443454,90.69244425503173
600080.SH,600080,金花股份,26.470420131179957,28.76240767423218,21.886445045075504
600082.SH,600082,海泰发展,34.21572810142413,46.603932347865914,9.439319608540572
600085.SH,600085,同仁堂,59.15308665211228,53.932469180957376,69.59432159442208
600088.SH,600088,中视传媒,58.75098846122805,61.17695473251024,53.89905591866366
600089.SH,600089,特变电工,34.27761146986771,44.451869104707214,13.929096200188695
600094.SH,600094,大名城,81.02574452901246,74.61183470769522,93.85356417164692
600095.SH,600095,湘财股份,66.76142812980535,67.85948213658781,64.56532011624043
600096.SH,600096,云天化,85.03731881358392,77.23097512886639,100.650006183019
600097.SH,600097,开创国际,72.86430496015458,67.22916849114534,84.13457789817306
600098.SH,600098,广州发展,69.60376249265153,68.085048010974,72.64119145600657
600099.SH,600099,林海股份,68.85861735935032,67.58312042038331,71.40961123728434
600100.SH,600100,同方股份,63.03829407772059,64.22544299485754,60.66399624344669
600101.SH,600101,明星电力,40.51744848317536,45.08337658696969,31.38559227558669
600103.SH,600103,青山纸业,37.93387128390415,46.38399318067719,21.033627490358086
600104.SH,600104,上汽集团,65.75342310230346,55.655589972422675,85.94908936206502
600105.SH,600105,永鼎股份,47.59318323050074,53.86825119233822,35.04304730682577
600106.SH,600106,重庆路桥,52.5659646574679,56.53594771241826,44.62599854756718
600107.SH,600107,美尔雅,34.43870618189476,40.36968941843697,22.576739708810337
600108.SH,600108,亚盛集团,81.75582990397805,76.04938271604937,93.16872427983543
600109.SH,600109,国金证券,54.797857070737294,60.5391150039289,43.3153412043541
600110.SH,600110,诺德股份,49.5309321476046,56.21721939804728,36.15835764671925
600111.SH,600111,北方稀土,41.375167343754484,41.80994487914001,40.50561227298343
600113.SH,600113,浙江东日,21.63531053980888,29.58891515014686,5.728101319132918
600114.SH,600114,东睦股份,37.39896177949922,43.50574248903951,25.185400360418626
600115.SH,600115,中国东航,77.66088575347825,72.28718400940618,88.40828924162241
600116.SH,600116,三峡水利,81.60999205833512,74.10728467258676,96.61540682983184
600117.SH,600117,西宁特钢,69.89460158705349,69.00557378757094,71.67265718601857
600118.SH,600118,中国卫星,42.81250174312077,48.7977574696012,30.8419902901599
600119.SH,600119,长江投资,38.39590619086064,48.82116435752587,17.545389857530182
600120.SH,600120,浙江东方,46.539550123013385,54.241988110039216,31.13467414896172
600121.SH,600121,郑州煤电,64.37117034877582,62.10762408867487,68.89826286897772
600123.SH,600123,兰花科创,72.95625018241253,67.8200444157891,83.2286617156594
600125.SH,600125,铁龙物流,63.62833325796292,60.35785887637741,70.16928202113392
600126.SH,600126,杭钢股份,68.24233329034433,65.70261725268585,73.32176536566129
600127.SH,600127,金健米业,59.3015918297721,63.669228725589385,50.56631803813754
600128.SH,600128,弘业股份,21.558501286319554,30.853146264802334,2.969211329353996
600129.SH,600129,太极集团,62.53169397234164,66.4218871679347,54.751307581155515
600130.SH,600130,波导股份,32.735685502604944,40.97946163235422,16.24813324310638
600132.SH,600132,重庆啤酒,72.57414677840202,67.06665511350319,83.5891301081997
600133.SH,600133,东湖高新,47.17556791630865,51.541777838074125,38.44314807277772
600135.SH,600135,乐凯胶片,48.55600542020152,58.18428171877178,29.299452823061003
600136.SH,600136,当代文体,38.02231706993601,38.82777036216179,36.41141048548444
600137.SH,600137,浪莎股份,72.35976211119144,64.91512140468146,87.2490435242114
600138.SH,600138,中青旅,82.46722685240667,73.70469959751895,99.9922813621821
600141.SH,600141,兴发集团,36.02678637896289,36.15892137282748,35.7625163912337
600143.SH,600143,金发科技,41.30419420542872,51.35760901192995,21.197364592426254
600148.SH,600148,长春一东,30.001049234813575,43.039162047090805,3.9248236102591108
600149.SH,600149,廊坊发展,76.46148987400474,72.34956193355633,84.68534575490156
600150.SH,600150,中国船舶,55.85163889096818,67.06942334318836,33.416069986527816
600151.SH,600151,航天机电,20.47243812226639,30.998757091774305,-0.5801998167494418
600152.SH,600152,维科技术,45.6855247531702,44.892620364396706,47.271333530717186
600153.SH,600153,建发股份,78.75302692054079,73.09457033010648,90.06994010140943
600155.SH,600155,华创阳安,29.938439983840205,39.946950110231654,9.921419731057313
600156.SH,600156,华升股份,30.557448685045077,45.51306774489185,0.646210565351538
600157.SH,600157,永泰能源,81.67496931629485,77.05147642769474,90.92195509349509
600158.SH,600158,中体产业,32.49342472098124,35.4832980391728,26.513678084598112
600159.SH,600159,大龙地产,51.75609887301973,58.52479446282399,38.218707693411204
600160.SH,600160,巨化股份,66.5985664998011,57.43091110992347,84.93387727955633
600161.SH,600161,天坛生物,60.38130855495556,52.68839980172082,75.76712606142505
600162.SH,600162,香江控股,67.00960219478729,67.48971193415632,66.04938271604922
600163.SH,600163,中闽能源,30.380232485637304,38.467003874518916,14.206689707874077
600165.SH,600165,新日恒力,38.81326930507259,46.8065802734898,22.826647368238156
600166.SH,600166,福田汽车,51.20884277804362,55.858048889238006,41.91043055565484
600167.SH,600167,联美控股,78.81197840732875,72.29902439525728,91.8378864314717
600168.SH,600168,武汉控股,65.40981197035711,65.59128663352419,65.04686264402295
600169.SH,600169,太原重工,45.78528169510451,54.13935381729257,29.077137450728372
600170.SH,600170,上海建工,42.18965135208177,40.899112274082015,44.770729508081274
600171.SH,600171,上海贝岭,69.1943992170465,62.445462989684174,82.69227167177112
600172.SH,600172,黄河旋风,55.302698227417174,61.10294628116279,43.70220211992594
600173.SH,600173,卧龙地产,61.29589284273378,64.34992103837416,55.187836451452995
600176.SH,600176,中国巨石,68.00837015770045,59.83753550538427,84.35003946233283
600177.SH,600177,雅戈尔,78.95708759906294,72.46970662608524,91.93184954501834
600178.SH,600178,东安动力,72.17577888143185,71.63312032707739,73.26109599014077
600179.SH,600179,安通控股,13.267924654555149,25.180166616480935,-10.556559269296422
600180.SH,600180,瑞茂通,33.05907543585842,42.82134315019585,13.534540007183551
600183.SH,600183,生益科技,66.3104076673425,63.813444051865304,71.3043348982969
600184.SH,600184,光电股份,28.220847465933208,31.439930250835545,21.782681896128537
600185.SH,600185,格力地产,53.02772516616814,58.09025233603222,42.90267082643999
600186.SH,600186,莲花健康,42.53657978966618,52.03703703703699,23.535665294924556
600187.SH,600187,国中水务,64.11557850312539,63.040768857193925,66.26519779498832
600188.SH,600188,兖矿能源,83.43245580795521,75.510810777704,99.27574586845765
600189.SH,600189,泉阳泉,54.289106752500416,60.38816799368052,42.090984270140225
600190.SH,600190,锦州港,30.505172101235566,40.90847406682068,9.698568170065343
600192.SH,600192,长城电工,42.28710664913797,50.756258007200955,25.348803933011993
600193.SH,600193,创兴资源,32.232554056113685,44.209577375729594,8.278507416881865
600195.SH,600195,中牧股份,58.90973183540357,59.27448339940924,58.18022870739223
600196.SH,600196,复星医药,78.65457077765319,70.4364599161058,95.09079250074797
600197.SH,600197,伊力特,72.6515190736292,66.55669895673128,84.84115930742504
600198.SH,600198,大唐电信,86.33691104558999,77.5744677104634,103.86179771584315
600199.SH,600199,金种子酒,52.57204898579787,57.03481820391535,43.64651054956292
600200.SH,600200,江苏吴中,68.76670719088607,69.46489995756241,67.3703216575334
600201.SH,600201,生物股份,30.327016545580815,34.92380903994987,21.133431556842694
600202.SH,600202,哈空调,63.246891437623674,67.70144242682444,54.33778945922214
600203.SH,600203,福日电子,25.593524949841015,33.20317649806526,10.374221853392527
600206.SH,600206,有研新材,62.27811375970834,64.75363668157352,57.32706791597798
600207.SH,600207,安彩高科,36.25704445022131,47.5305250358712,13.710083278921516
600208.SH,600208,新湖中宝,30.850480109739422,35.56470050297215,21.422039323273964
600210.SH,600210,紫江企业,54.75994513031553,58.831275720164626,46.61728395061732
600211.SH,600211,西藏药业,66.08383938551243,62.61976552923355,73.01198709807022
600212.SH,600212,江泉实业,28.97646635471955,37.38737234179416,12.15465438057032
600213.SH,600213,亚星客车,36.33214865634084,45.66880903633597,17.658827896350573
600215.SH,600215,派斯林,83.96478841833525,74.69992932610396,102.49450660279783
600216.SH,600216,浙江医药,72.0721128830962,68.86701326675777,78.48231211577306
600217.SH,600217,中再资环,36.91144642584977,40.752324340801735,29.22969059594584
600218.SH,600218,全柴动力,83.70194744053654,77.8305378833186,95.44476655497243
600219.SH,600219,南山铝业,73.5733402400069,70.09122564678114,80.53756942645842
600220.SH,600220,江苏阳光,62.69490294798934,60.94423340719635,66.19624202957533
600222.SH,600222,太龙药业,78.04377414595696,75.59584786337732,82.93962671111626
600223.SH,600223,鲁商发展,50.94388921549406,55.97361029459786,40.88444705728645
600227.SH,600227,圣济堂,80.40478954059205,72.07896812835087,97.05643236507441
600228.SH,600228,返利科技,14.886609732005237,21.931319996315796,0.7971892033841144
600229.SH,600229,城市传媒,56.03257147919453,62.410075198746185,43.27756404009122
600230.SH,600230,沧州大化,67.41238970226473,55.11415858337081,92.00885194005258
600231.SH,600231,凌钢股份,70.52106239303487,69.09864602920032,73.36589512070395
600232.SH,600232,金鹰股份,44.71029910773064,48.91386054096752,36.30317624125689
600233.SH,600233,圆通速递,83.04892111314395,75.90463657545087,97.33749018853013
600234.SH,600234,科新发展,19.4986865345132,30.02703138868715,-1.5580031738346918
600235.SH,600235,民丰特纸,26.108781118527684,34.332014098095954,9.662315159391142
600236.SH,600236,桂冠电力,80.27230399915582,69.04929918047196,102.71831363652353
600237.SH,600237,铜峰电子,62.233200649276306,64.88355159224609,56.932498763336724
600238.SH,600238,海南椰岛,85.53220559536553,77.18757606054832,102.2214646649999
600243.SH,600243,青海华鼎,36.36684993257826,47.996241224475696,13.108067348783393
600246.SH,600246,万通发展,66.0360215915772,62.56212922879588,72.98380631713982
600248.SH,600248,陕西建工,52.82186948853625,55.971795820904234,46.52201682380027
600249.SH,600249,两面针,44.90637062557822,50.315558687651716,34.08799450143121
600250.SH,600250,南纺股份,15.868064657055502,26.862856351813196,-6.121518732459883
600251.SH,600251,冠农股份,75.76826324294106,73.81454221266162,79.67570530349994
600252.SH,600252,中恒集团,65.42924096936446,64.17752629172381,67.93267032464576
600255.SH,600255,鑫科材料,64.76228404543816,62.8746320422943,68.5375880517259
600256.SH,600256,广汇能源,38.73300910337942,43.74194621108197,28.71513488797433
600257.SH,600257,大湖股份,44.4777793544355,54.57029765500867,24.29274275328916
600258.SH,600258,首旅酒店,72.79796474365472,58.105867960156104,102.18215831065194
600259.SH,600259,广晟有色,56.04854292310891,52.456844358255395,63.23194005281593
600261.SH,600261,阳光照明,14.155297424773773,24.665680093521708,-6.865467912722096
600262.SH,600262,北方股份,48.15656080534871,51.90931122238736,40.65105997127142
600266.SH,600266,城建发展,48.66621943983481,55.556149071538215,34.88636017642801
600267.SH,600267,海正药业,71.59404502541754,63.88969579601387,87.00274348422491
600268.SH,600268,国电南自,19.762044873155958,32.08978001570591,-4.8934254119439515
600269.SH,600269,赣粤高速,82.89798570500344,78.75821240343666,91.17753230813699
600271.SH,600271,航天信息,65.89135649720471,62.71806284120176,72.23794380921063
600272.SH,600272,开开实业,86.1181142155801,76.62030247085477,105.11373770503076
600273.SH,600273,嘉化能源,26.212824329451603,34.81646868828378,9.005535611787252
600276.SH,600276,恒瑞医药,80.28511027632213,74.67389153918185,91.50754775060267
600277.SH,600277,亿利洁能,21.29139721732316,27.54262198706638,8.788947677836717
600278.SH,600278,东方创业,54.966956556994916,54.71443437599248,55.47200091899978
600279.SH,600279,重庆港,53.99112355902473,56.092014199010066,49.78934227905404
600280.SH,600280,中央商场,77.57295327501966,73.10089866012402,86.51706250481095
600281.SH,600281,华阳新材,55.537978926969984,59.19204416609486,48.22984844872025
600282.SH,600282,南钢股份,75.8658008658009,74.0972333564926,79.40293588441753
600283.SH,600283,钱江水利,51.201274211599184,58.140545949582624,37.322730735632305
600284.SH,600284,浦东建设,47.53683439070343,55.503487984154674,31.60352720380095
600285.SH,600285,羚锐制药,69.84107189868504,57.49539288633936,94.53242992337641
600287.SH,600287,江苏舜天,57.44516755996074,58.169505458509846,55.99649176286252
600288.SH,600288,大恒科技,46.147914548269,52.7839432551223,32.875857134562395
600292.SH,600292,远达环保,66.48045926314283,66.5732920377467,66.29479371393509
600293.SH,600293,三峡新材,37.861042908246944,47.24863882452841,19.085851075684005
600295.SH,600295,鄂尔多斯,64.41339786620537,61.75487315272248,69.73044729317115
600297.SH,600297,广汇汽车,71.55576629260833,61.08993984237644,92.4874191930721
600298.SH,600298,安琪酵母,59.91188588047593,50.239227114572856,79.25720341228208
600299.SH,600299,安迪苏,57.386447502819294,45.71384711668473,80.73164827508842
600300.SH,600300,维维股份,70.9489961341815,66.60348339360692,79.64002161533065
600302.SH,600302,标准股份,24.696620744058063,32.282941462865736,9.523979306442712
600303.SH,600303,曙光股份,26.341293677196155,36.17936670011301,6.6651476313624585
600305.SH,600305,恒顺醋业,75.28320603345972,74.76274671671172,76.32412466695573
600307.SH,600307,酒钢宏兴,69.40266866192783,68.66442199775526,70.87916199027299
600308.SH,600308,华泰股份,31.59676741006619,44.25225157085674,6.285799088485078
600309.SH,600309,万华化学,87.50782420331706,79.32793059043004,103.86761142909108
600310.SH,600310,桂东电力,21.01516337150274,31.163745271930132,0.7179995706479616
600312.SH,600312,平高电气,40.559862507650905,52.28552433478405,17.108538853384616
600313.SH,600313,农发种业,64.15028599272733,62.908747351175236,66.63336327583153
600315.SH,600315,上海家化,67.11200530983896,57.362335326580805,86.61134527635528
600316.SH,600316,洪都航空,25.0344615411492,31.897532021863036,11.308320579721524
600320.SH,600320,振华重工,48.93036775752813,56.84945674657601,33.092189779432374
600321.SH,600321,正源股份,67.0375714820159,67.8713056490834,65.37010314788094
600322.SH,600322,天房发展,30.18789097220467,44.6459219879699,1.2718289406742116
600323.SH,600323,瀚蓝环境,71.12937806711282,62.025797009693896,89.33654018195067
600325.SH,600325,华发股份,70.3932327389117,68.31275720164604,74.55418381344305
600326.SH,600326,西藏天路,35.643665523035224,41.25608231823195,24.41883193264178
600327.SH,600327,大东方,60.9074372278881,63.953239956997294,54.81583176966973
600328.SH,600328,中盐化工,53.46038435158803,58.15890884949522,44.06333535577366
600329.SH,600329,中新药业,60.757546206590064,56.34883994845264,69.5749587228649
600330.SH,600330,天通股份,57.333656913905514,61.71503897707846,48.57089278755963
600331.SH,600331,宏达股份,87.76609256718994,74.43479144439362,114.42869481278257
600332.SH,600332,白云山,79.16900803506915,74.70117596105815,88.10467218309114
600333.SH,600333,长春燃气,32.36148892143864,42.58810868980356,11.908249384708796
600335.SH,600335,国机汽车,34.83361741264957,42.91873448157882,18.663383274791087
600336.SH,600336,澳柯玛,22.12498675859888,31.867708010678946,2.6395442544387464
600337.SH,600337,美克家居,51.097047872646975,42.426254452398226,68.43863471314447
600338.SH,600338,西藏珠峰,62.38619095763763,56.676279822074136,73.80601322876461
600339.SH,600339,中油工程,70.88489964212235,70.50460718453519,71.64548455729667
600340.SH,600340,华夏幸福,34.407260888275076,48.581149267066436,6.059484130692354
600343.SH,600343,航天动力,23.546218303030372,32.36085001810771,5.916954872875692
600345.SH,600345,长江通信,36.60007463073968,43.800490649497846,22.199242593223346
600346.SH,600346,恒力石化,33.68679623736378,31.65890153439741,37.74258564329652
600348.SH,600348,华阳股份,74.16846583566928,66.47573606886542,89.55392536927701
600350.SH,600350,山东高速,49.80799173391779,52.37639178379928,44.67119163415481
600351.SH,600351,亚宝药业,83.37304628109226,79.73468615486495,90.64976653354688
600352.SH,600352,浙江龙盛,76.48064111512575,67.56598099132891,94.3099613627194
600353.SH,600353,旭光电子,19.647168831815247,31.48956032611301,-4.037614156780286
600354.SH,600354,敦煌种业,74.13689755737684,73.94854237991493,74.51360791230067
600355.SH,600355,精伦电子,37.31968312048441,48.615154672349334,14.728740016754571
600356.SH,600356,恒丰纸业,75.18517965380838,73.03898266594743,79.47757362953027
600358.SH,600358,国旅联合,49.013908498409855,58.20777473240892,30.626176030411727
600359.SH,600359,新农开发,30.087553687898087,39.93161590060806,10.399429262478137
600360.SH,600360,华微电子,41.14137653232305,48.37023972826439,26.683650140440378
600361.SH,600361,华联综超,42.0187280853359,52.25311714829532,21.549949959417063
600362.SH,600362,江西铜业,65.954114791324,63.51920003944112,70.82394429508977
600363.SH,600363,联创光电,31.034285783320897,40.12065169840317,12.861553953156346
600366.SH,600366,宁波韵升,50.63200802716249,56.8653065507585,38.165410979970474
600367.SH,600367,红星发展,72.73037810166477,68.7214818141487,80.7481706766969
600368.SH,600368,五洲交通,51.64095223676545,53.25786457831545,48.40712755366545
600369.SH,600369,西南证券,21.943202519794447,35.45567590699054,-5.081744254597751
600370.SH,600370,三房巷,39.52752484342908,40.688229707837614,37.206115114612004
600371.SH,600371,万向德农,42.79454632135679,49.56689482947086,29.24984930512865
600372.SH,600372,中航电子,38.22884368056371,47.761488640339465,19.16355376101221
600373.SH,600373,中文传媒,67.94961896595635,60.039868521557075,83.76911985475489
600375.SH,600375,汉马科技,43.07085630220362,50.66215667396558,27.888255558679703
600376.SH,600376,首开股份,29.900730638138867,41.916179874221584,5.869832165973435
600377.SH,600377,宁沪高速,68.05359675761545,67.25017966994668,69.660430932953
600378.SH,600378,昊华科技,42.90137809196502,51.75743331422581,25.189267647443444
600379.SH,600379,宝光股份,61.557400917067476,62.42047579454039,59.83125116212166
600380.SH,600380,健康元,71.83090875948878,72.13848610662019,71.21575406522595
600381.SH,600381,青海春天,62.300189388061604,64.72234024884716,57.4558876664905
600383.SH,600383,金地集团,70.22090194776247,71.78786610011174,67.08697364306394
600386.SH,600386,北巴传媒,50.98130036401642,56.82432793543903,39.2952452211712
600388.SH,600388,龙净环保,60.191650313694645,62.60734266356216,55.36026561395961
600389.SH,600389,江山股份,44.04949893946131,47.119754462749604,37.908987892884724
600390.SH,600390,五矿资本,62.259819128284306,59.52440953348164,67.73063831788964
600391.SH,600391,航发科技,29.251655399073364,38.78191715759809,10.19113188202391
600392.SH,600392,盛和资源,64.93973478675574,59.53386045978638,75.75148344069444
600395.SH,600395,盘江股份,71.87673065289815,67.11738193219672,81.395428094301
600396.SH,600396,金山股份,36.01043110847038,42.0217669309899,23.98775946343133
600397.SH,600397,安源煤业,55.136431926555304,60.86283172702918,43.68363232560755
600398.SH,600398,海澜之家,81.98222763206957,76.68646307135465,92.5737567534994
600399.SH,600399,抚顺特钢,64.7249517090787,52.57915511883765,89.01654488956078
600400.SH,600400,红豆股份,55.1704125778199,53.389157710145255,58.73292231316921
600403.SH,600403,大有能源,52.78655229388981,55.26547345555031,47.82870997056881
600405.SH,600405,动力源,42.233072083402845,46.49691098325705,33.70539428369443
600406.SH,600406,国电南瑞,66.81864320271214,60.39415581523035,79.66761797767572
600409.SH,600409,三友化工,71.39709435031064,66.22668177249062,81.73791950595069
600410.SH,600410,华胜天成,33.6346761712758,50.952973592810146,-1.0019186717928932
600415.SH,600415,小商品城,31.40067434231718,45.059884735976894,4.082253554997749
600416.SH,600416,湘电股份,50.04300211938592,56.43503689538874,37.258932567380285
600418.SH,600418,江淮汽车,17.118985267133425,28.667872449548867,-5.978789097697458
600419.SH,600419,天润乳业,74.34040769927647,71.67273117795135,79.67576074192672
600420.SH,600420,国药现代,74.20561175670268,70.50446842781619,81.60789841447564
600421.SH,600421,华嵘控股,79.65646456348873,77.02981353827155,84.90976661392307
600422.SH,600422,昆药集团,81.58355355732103,74.91327334519472,94.92411398157364
600423.SH,600423,柳化股份,82.63854106820695,73.72379196577933,100.46803927306217
600425.SH,600425,青松建化,66.33823522181417,63.15186021013712,72.71098524516829
600426.SH,600426,华鲁恒升,65.16580439201007,64.9982858529645,65.50084147010122
600428.SH,600428,中远海特,66.69393547990205,64.26177797750186,71.55825048470243
600429.SH,600429,三元股份,31.867095159807224,33.68031941508643,28.240646649248816
600433.SH,600433,冠豪高新,72.48923407396451,65.63275185516348,86.20219851156659
600435.SH,600435,北方导航,18.813565848976207,29.291353833050124,-2.14201011917163
600436.SH,600436,片仔癀,78.66217213417188,73.21817511716023,89.55016616819518
600438.SH,600438,通威股份,83.36724755470192,77.40274632015976,95.29625002378623
600439.SH,600439,瑞贝卡,77.51954240258331,74.44496951319562,83.6686881813587
600444.SH,600444,国机通用,80.09410567426644,75.95846477764667,88.365387467506
600446.SH,600446,金证股份,66.01481793237966,68.98086574021644,60.08272231670608
600448.SH,600448,华纺股份,86.56304356645221,77.44635401305182,104.79642267325298
600449.SH,600449,宁夏建材,79.07337956140634,72.78112662962594,91.65788542496713
600452.SH,600452,涪陵电力,85.19101121204599,75.41396095776047,104.74511172061705
600455.SH,600455,博通股份,66.39253949289795,64.2450993406788,70.68741979733625
600456.SH,600456,宝钛股份,74.65051387504666,69.19948756400781,85.55256649712433
600458.SH,600458,时代新材,53.57208227162138,56.51622062768339,47.68380555949737
600459.SH,600459,贵研铂业,75.66956063166302,66.42277485843879,94.16313217811148
600460.SH,600460,士兰微,67.5071885415392,61.77645243212942,78.96866076035874
600461.SH,600461,洪城环境,57.22012073178068,60.26566534111118,51.12903151311967
600463.SH,600463,空港股份,13.952816263898137,25.43155713835705,-9.004665485019686
600466.SH,600466,蓝光发展,30.02580409987814,36.52623097067539,17.024950358283633
600467.SH,600467,好当家,47.917547790870294,51.21796499359563,41.31671338541963
600468.SH,600468,百利电气,34.9328948270747,47.027597927068825,10.743488627086435
600469.SH,600469,风神股份,35.13798816480806,49.78367264446444,5.846619205495287
600470.SH,600470,六国化工,80.78148045009645,78.64115020060439,85.06214094908057
600475.SH,600475,华光环能,76.21045553200497,69.52325210627194,89.58486238347103
600476.SH,600476,湘邮科技,33.75188215373668,43.97526555075064,13.30511535970875
600477.SH,600477,杭萧钢构,49.06500287623337,52.51471304039994,42.16558254790024
600479.SH,600479,千金药业,68.24933164157804,66.08060306161065,72.58678880151282
600480.SH,600480,凌云股份,53.23474882655205,59.00839024961909,41.68746598041797
600481.SH,600481,双良节能,68.79930914830408,69.84387760850126,66.71017222790971
600482.SH,600482,中国动力,51.22478842012889,48.29220070458617,57.08996385121431
600483.SH,600483,福能股份,29.641292633693695,26.902824936594147,35.11822802789279
600486.SH,600486,扬农化工,81.43872187816463,73.55964795597572,97.19686972254243
600487.SH,600487,亨通光电,67.34674136697076,64.68727634639464,72.66567140812299
600488.SH,600488,天药股份,78.18437794172142,73.30115275198285,87.95082832119854
600489.SH,600489,中金黄金,27.68470169095395,29.829091617658193,23.395921837545472
600490.SH,600490,鹏欣资源,55.99446604495654,55.96201623154294,56.05936567178374
600491.SH,600491,龙元建设,23.255763866520095,26.020088689731303,17.727114220097675
600493.SH,600493,凤竹纺织,31.578682558106408,37.939499305754424,18.857049062810376
600495.SH,600495,晋西车轴,40.3428108688843,50.95163946745977,19.125153671733358
600496.SH,600496,精工钢构,42.39501747864946,45.91995221027476,35.34514801539885
600497.SH,600497,驰宏锌锗,67.87010958266623,63.338960825605724,76.93240709678724
600498.SH,600498,烽火通信,67.3841838091395,63.06022760938862,76.03209620864126
600499.SH,600499,科达制造,60.25185123075237,62.90405056948272,54.94745255329167
600500.SH,600500,中化国际,78.56425381253902,71.56523824699397,92.56228494362912
600501.SH,600501,航天晨光,23.141749571029774,32.64154621336109,4.14215628636714
600502.SH,600502,安徽建工,44.13587632791152,52.45517372414963,27.49728153543529
600503.SH,600503,华丽家族,68.78893700833605,65.75840765529541,74.8499957144173
600505.SH,600505,西昌电力,63.482145713926045,63.73153144479316,62.983374252191794
600507.SH,600507,方大特钢,79.3053060207874,73.13659517497739,91.64272771240744
600508.SH,600508,上海能源,71.53473873579097,65.25154810598958,84.10111999539373
600509.SH,600509,天富能源,61.29373571639363,61.92391164068721,60.033383867806464
600510.SH,600510,黑牡丹,65.93074556037513,62.43725206688163,72.91773254736212
600511.SH,600511,国药股份,80.1593519181426,65.32538433163286,109.8272870911621
600512.SH,600512,腾达建设,38.74212207545537,45.05837098429686,26.109624257772396
600513.SH,600513,联环药业,66.43824621336498,66.26641614974719,66.78190634060056
600516.SH,600516,方大炭素,70.35316894948133,59.90967542943387,91.24015598957625
600517.SH,600517,国网英大,23.244756837719112,36.65912615885726,-3.583981804557183
600519.SH,600519,贵州茅台,85.683164745113,79.13731650798607,98.77486121936687
600520.SH,600520,文一科技,34.7142923571046,38.58872405639508,26.96542895852363
600521.SH,600521,华海药业,71.30862912833501,63.543372277489034,86.83914283002697
600522.SH,600522,中天科技,51.26554611825054,54.626910703447614,44.542816947856394
600523.SH,600523,贵航股份,24.34522071219928,37.20864741546532,-1.3816326943328079
600525.SH,600525,长园集团,68.99562898302152,67.14073707035155,72.70541280836147
600526.SH,600526,菲达环保,75.6847709684589,71.71841862234845,83.61747566067982
600527.SH,600527,江南高纤,45.21663399852704,48.809157311214925,38.031587373151254
600528.SH,600528,中铁工业,57.544301916115415,56.523005167601134,59.58689541314398
600529.SH,600529,山东药玻,82.66434290616597,69.43869359621705,109.1156415260638
600530.SH,600530,交大昂立,68.33109171016375,68.4801099967555,68.03305513698024
600531.SH,600531,豫光金铅,56.54288609509776,53.1423400800555,63.34397812518229
600532.SH,600532,未来股份,74.76504928701308,62.74476026414008,98.80562733275909
600533.SH,600533,栖霞建设,62.318109873665485,63.6637984786133,59.62673266376984
600535.SH,600535,天士力,77.23489553847062,70.02308759200207,91.65851143140773
600536.SH,600536,中国软件,55.05160248681247,56.34339292367291,52.468021613091594
600537.SH,600537,亿晶光电,43.11142213102996,50.3472932739454,28.639679845199083
600538.SH,600538,国发股份,46.79666082991438,53.89869231466196,32.59259786041923
600539.SH,600539,狮头股份,62.57098879617061,61.03443970957427,65.64408696936329
600540.SH,600540,新赛股份,78.2371126059274,70.71665108554234,93.2780356466975
600543.SH,600543,莫高股份,35.36784786587777,45.06621748019168,15.971108637249955
600545.SH,600545,卓郎智能,38.45910773234307,43.61772080616701,28.1418815846952
600546.SH,600546,山煤国际,63.4013174753915,59.18780807669691,71.82833627278069
600547.SH,600547,山东黄金,35.414537506535,40.37695617470018,25.489700170204628
600548.SH,600548,深高速,45.51219209904444,41.636777660764466,53.26302097560438
600549.SH,600549,厦门钨业,61.662551916401135,59.85368996604943,65.28027581710455
600550.SH,600550,保变电气,27.649910843683287,38.230579282661836,6.488573965726189
600551.SH,600551,时代出版,50.11719287153733,60.37150213425211,29.60857434610776
600552.SH,600552,凯盛科技,58.07514912355503,65.52193522121023,43.181576928244624
600556.SH,600556,天下秀,84.99690996414209,71.65865476542176,111.67342036158274
600557.SH,600557,康缘药业,92.15375168331224,82.85856319212651,110.74412866568369
600558.SH,600558,大西洋,41.30687880806283,47.337164722154114,29.246306979880245
600559.SH,600559,老白干酒,80.10304790970042,74.50718364201236,91.29477644507654
600560.SH,600560,金自天正,27.368058889744038,43.6427626462586,-5.181348623285089
600561.SH,600561,江西长运,64.71491620444912,64.64185602671913,64.86103655990911
600562.SH,600562,国睿科技,61.036472629836254,57.04967264028772,69.01007260893333
600563.SH,600563,法拉电子,64.25094453160565,63.94486805329372,64.86309748822953
600565.SH,600565,迪马股份,54.39880284324733,61.3722409277965,40.45192667414901
600566.SH,600566,济川药业,82.48713477246434,73.52889077863523,100.40362276012257
600567.SH,600567,山鹰国际,76.62443996913025,69.5508174623354,90.77168498271993
600569.SH,600569,安阳钢铁,71.05283572205667,67.63804928811312,77.88240858994376
600570.SH,600570,恒生电子,63.70072066280856,63.545720137329646,64.01072171376639
600571.SH,600571,信雅达,24.457273358048106,36.936371414970296,-0.5009227557962674
600572.SH,600572,康恩贝,66.20394210808143,61.43878875905009,75.73424880614412
600573.SH,600573,惠泉啤酒,63.54924420358083,65.45333491241274,59.741062785916995
600575.SH,600575,淮河能源,58.74803129604221,60.59035716100186,55.063379566122904
600576.SH,600576,祥源文化,31.693314275070783,41.88351614652633,11.312910532159691
600577.SH,600577,精达股份,50.06447187928664,53.73388203017829,42.72565157750333
600578.SH,600578,京能电力,48.82030178326495,50.320073159579465,45.82075903063594
600579.SH,600579,克劳斯,54.93373567447635,40.26640483430599,84.2683973548171
600580.SH,600580,卧龙电驱,60.473983416370324,64.60173951943503,52.21847121024092
600581.SH,600581,八一钢铁,71.28371712926483,65.78647520649096,82.27820097481256
600582.SH,600582,天地科技,80.36728246604793,70.78070534860659,99.5404367009306
600583.SH,600583,海油工程,79.80776605639008,73.60449270315301,92.21431276286421
600584.SH,600584,长电科技,62.17276687228741,54.798423109277266,76.9214543983077
600585.SH,600585,海螺水泥,86.23105073736218,79.14424799834127,100.404656215404
600586.SH,600586,金晶科技,52.599526673600714,52.80252440746268,52.193531205876795
600587.SH,600587,新华医疗,50.85928516780598,47.161609690309504,58.25463612279893
600588.SH,600588,用友网络,60.511615756229915,60.904563975035686,59.72571931861839
600590.SH,600590,泰豪科技,54.34970802579385,54.223206539031004,54.60271099931954
600592.SH,600592,龙溪股份,35.75537124443694,48.89571793460634,9.47467786409814
600594.SH,600594,益佰制药,72.19669714417725,71.77419307574134,73.04170528104908
600596.SH,600596,新安股份,36.665204894902494,43.63554305432448,22.724528576058518
600597.SH,600597,光明乳业,69.1112028385472,61.88266393152127,83.56828065259906
600598.SH,600598,北大荒,51.71596855994048,49.00455151965545,57.138802640510534
600600.SH,600600,青岛啤酒,72.58868669134955,68.40520217249465,80.95565572905934
600602.SH,600602,云赛智联,54.7012062259858,57.02080830884988,50.06200206025764
600603.SH,600603,广汇物流,37.91512239177308,42.7361569068494,28.27305336162044
600604.SH,600604,市北高新,70.65743854242248,59.009405706134864,93.95350421499772
600605.SH,600605,汇通能源,20.848073914927546,28.722648970018497,5.098923804745645
600606.SH,600606,绿地控股,71.43579812425116,67.6861627842019,78.9350688043497
600609.SH,600609,金杯汽车,30.004035717082353,39.52639532278235,10.959316505682352
600610.SH,600610,中毅达,24.443518317186516,33.1854885254175,6.959577900724554
600611.SH,600611,大众交通,32.62459990855026,44.284407864654604,9.304983996341562
600612.SH,600612,老凤祥,50.28094133434862,43.37660511282889,64.08961377738807
600613.SH,600613,神奇制药,69.52048667024516,68.855489950498,70.8504801097395
600616.SH,600616,金枫酒业,68.27029216414773,66.77336465047551,71.26414719149216
600617.SH,600617,国新能源,49.64349424731914,58.242769552475934,32.44494363700554
600618.SH,600618,氯碱化工,55.55073587276183,60.90782209408626,44.83656343011296
600619.SH,600619,海立股份,78.37285477997517,67.50320121494403,100.11216191003746
600620.SH,600620,天宸股份,28.85023070208248,34.31938431938424,17.911923467478957
600621.SH,600621,华鑫股份,26.201263284718905,39.84696947670109,-1.0901490992454654
600622.SH,600622,光大嘉宝,70.76525519580672,65.33069849984372,81.6343685877327
600623.SH,600623,华谊集团,70.93834594502246,72.53864373854066,67.73775035798607
600624.SH,600624,复旦复华,57.605606030601805,56.60245628434363,59.61190552311817
600626.SH,600626,申达股份,64.02008334197882,62.51443307089641,67.03138388414364
600628.SH,600628,新世界,62.32539850360573,56.682718089051946,73.61075933271331
600629.SH,600629,华建集团,40.721055903940666,38.494622299545206,45.173923112731586
600630.SH,600630,龙头股份,52.97625432742437,60.07511424789607,38.778534486480964
600633.SH,600633,浙数文化,49.76681800758945,59.3724131036507,30.55562781546695
600635.SH,600635,大众公用,64.55847263493621,62.572498669671106,68.53042056546641
600636.SH,600636,国新文化,71.43559993116686,71.30633351480223,71.69413276389614
600637.SH,600637,东方明珠,28.310119236045107,31.81576767996519,21.298822348204936
600638.SH,600638,新黄浦,40.17119370105253,46.43096274993976,27.651655603278073
600639.SH,600639,浦东金桥,73.46894396880205,67.7010176342043,85.00479663799754
600640.SH,600640,新国脉,34.708992061355055,47.084320225260164,9.958335733544843
600641.SH,600641,万业企业,79.12725645886982,76.21205044352664,84.9576684895562
600642.SH,600642,申能股份,69.01608679386453,67.76904850978923,71.51016336201513
600643.SH,600643,爱建集团,39.26877254227701,43.79855432364052,30.209208979549985
600644.SH,600644,乐山电力,57.519083070543964,60.826591012398396,50.90406718683511
600645.SH,600645,中源协和,47.40180467830946,46.30209749304717,49.601219048834025
600647.SH,600647,同达创业,85.54213037216215,78.85204814353493,98.92229482941659
600648.SH,600648,外高桥,52.37578412181591,55.23842543242898,46.65050150058977
600649.SH,600649,城投控股,44.14555802639537,51.90399509240086,28.62868389438438
600650.SH,600650,锦江在线,67.73032257775976,64.92416415548941,73.3426394223005
600651.SH,600651,飞乐音响,56.20489411339085,59.14487352395847,50.3249352922556
600653.SH,600653,申华控股,51.49984172206385,55.13643558087996,44.22665400443162
600655.SH,600655,豫园股份,66.54151207535705,61.209579995529076,77.20537623501299
600657.SH,600657,信达地产,80.67904221992657,76.66661555448366,88.7038955508124
600658.SH,600658,电子城,40.406506490036804,41.79466546159478,37.63018854692085
600660.SH,600660,福耀玻璃,74.61930443707084,69.79012272062207,84.27766786996838
