ts_code,symbol,name
000001.SZ,1,平安银行
000002.SZ,2,万科A
000004.SZ,4,国华网安
000006.SZ,6,深振业A
000008.SZ,8,神州高铁
000009.SZ,9,中国宝安
000010.SZ,10,美丽生态
000011.SZ,11,深物业A
000012.SZ,12,南玻A
000014.SZ,14,沙河股份
000016.SZ,16,深康佳A
000017.SZ,17,深中华A
000019.SZ,19,深粮控股
000020.SZ,20,深华发A
000021.SZ,21,深科技
000023.SZ,23,深天地A
000025.SZ,25,特力A
000026.SZ,26,飞亚达
000027.SZ,27,深圳能源
000028.SZ,28,国药一致
000030.SZ,30,富奥股份
000031.SZ,31,大悦城
000032.SZ,32,深桑达A
000034.SZ,34,神州数码
000035.SZ,35,中国天楹
000036.SZ,36,华联控股
000038.SZ,38,深大通
000039.SZ,39,中集集团
000040.SZ,40,东旭蓝天
000042.SZ,42,中洲控股
000045.SZ,45,深纺织A
000046.SZ,46,泛海控股
000048.SZ,48,京基智农
000049.SZ,49,德赛电池
000050.SZ,50,深天马A
000055.SZ,55,方大集团
000056.SZ,56,皇庭国际
000058.SZ,58,深赛格
000059.SZ,59,华锦股份
000060.SZ,60,中金岭南
000061.SZ,61,农产品
000062.SZ,62,深圳华强
000063.SZ,63,中兴通讯
000065.SZ,65,北方国际
000066.SZ,66,中国长城
000068.SZ,68,华控赛格
000069.SZ,69,华侨城A
000070.SZ,70,特发信息
000078.SZ,78,海王生物
000088.SZ,88,盐田港
000089.SZ,89,深圳机场
000090.SZ,90,天健集团
000096.SZ,96,广聚能源
000099.SZ,99,中信海直
000100.SZ,100,TCL科技
000150.SZ,150,宜华健康
000151.SZ,151,中成股份
000153.SZ,153,丰原药业
000155.SZ,155,川能动力
000156.SZ,156,华数传媒
000157.SZ,157,中联重科
000158.SZ,158,常山北明
000159.SZ,159,国际实业
000166.SZ,166,申万宏源
000301.SZ,301,东方盛虹
000333.SZ,333,美的集团
000338.SZ,338,潍柴动力
000400.SZ,400,许继电气
000401.SZ,401,冀东水泥
000402.SZ,402,金融街
000403.SZ,403,派林生物
000404.SZ,404,长虹华意
000407.SZ,407,胜利股份
000408.SZ,408,藏格矿业
000411.SZ,411,英特集团
000413.SZ,413,东旭光电
000415.SZ,415,渤海租赁
000416.SZ,416,民生控股
000417.SZ,417,合肥百货
000419.SZ,419,通程控股
000420.SZ,420,吉林化纤
000421.SZ,421,南京公用
000422.SZ,422,湖北宜化
000423.SZ,423,东阿阿胶
000425.SZ,425,徐工机械
000426.SZ,426,兴业矿业
000428.SZ,428,华天酒店
000429.SZ,429,粤高速A
000430.SZ,430,张家界
000488.SZ,488,晨鸣纸业
000498.SZ,498,山东路桥
000501.SZ,501,鄂武商A
000503.SZ,503,国新健康
000504.SZ,504,南华生物
000505.SZ,505,京粮控股
000506.SZ,506,中润资源
000507.SZ,507,珠海港
000510.SZ,510,新金路
000513.SZ,513,丽珠集团
000514.SZ,514,渝开发
000517.SZ,517,荣安地产
000518.SZ,518,四环生物
000519.SZ,519,中兵红箭
000520.SZ,520,长航凤凰
000521.SZ,521,长虹美菱
000524.SZ,524,岭南控股
000526.SZ,526,学大教育
000528.SZ,528,柳工
000529.SZ,529,广弘控股
000530.SZ,530,冰山冷热
000531.SZ,531,穗恒运A
000532.SZ,532,华金资本
000533.SZ,533,顺钠股份
000534.SZ,534,万泽股份
000536.SZ,536,华映科技
000537.SZ,537,广宇发展
000538.SZ,538,云南白药
000539.SZ,539,粤电力A
000540.SZ,540,中天金融
000541.SZ,541,佛山照明
000543.SZ,543,皖能电力
000544.SZ,544,中原环保
000545.SZ,545,金浦钛业
000546.SZ,546,金圆股份
000547.SZ,547,航天发展
000548.SZ,548,湖南投资
000550.SZ,550,江铃汽车
000551.SZ,551,创元科技
000552.SZ,552,靖远煤电
000553.SZ,553,安道麦A
000554.SZ,554,泰山石油
000555.SZ,555,神州信息
000557.SZ,557,西部创业
000558.SZ,558,莱茵体育
000559.SZ,559,万向钱潮
000560.SZ,560,我爱我家
000561.SZ,561,烽火电子
000563.SZ,563,陕国投A
000565.SZ,565,渝三峡A
000566.SZ,566,海南海药
000567.SZ,567,海德股份
000568.SZ,568,泸州老窖
000570.SZ,570,苏常柴A
000572.SZ,572,海马汽车
000573.SZ,573,粤宏远A
000576.SZ,576,甘化科工
000581.SZ,581,威孚高科
000582.SZ,582,北部湾港
000584.SZ,584,哈工智能
000586.SZ,586,汇源通信
000589.SZ,589,贵州轮胎
000590.SZ,590,启迪药业
000591.SZ,591,太阳能
000592.SZ,592,平潭发展
000593.SZ,593,德龙汇能
000595.SZ,595,宝塔实业
000596.SZ,596,古井贡酒
000597.SZ,597,东北制药
000598.SZ,598,兴蓉环境
000599.SZ,599,青岛双星
000600.SZ,600,建投能源
000601.SZ,601,韶能股份
000603.SZ,603,盛达资源
000605.SZ,605,渤海股份
000607.SZ,607,华媒控股
000608.SZ,608,阳光股份
000610.SZ,610,西安旅游
000612.SZ,612,焦作万方
000615.SZ,615,奥园美谷
000617.SZ,617,中油资本
000619.SZ,619,海螺型材
000620.SZ,620,新华联
000622.SZ,622,恒立实业
000623.SZ,623,吉林敖东
000625.SZ,625,长安汽车
000626.SZ,626,远大控股
000627.SZ,627,天茂集团
000628.SZ,628,高新发展
000629.SZ,629,攀钢钒钛
000630.SZ,630,铜陵有色
000631.SZ,631,顺发恒业
000632.SZ,632,三木集团
000633.SZ,633,合金投资
000635.SZ,635,英力特
000636.SZ,636,风华高科
000637.SZ,637,茂化实华
000639.SZ,639,西王食品
000650.SZ,650,仁和药业
000651.SZ,651,格力电器
000652.SZ,652,泰达股份
000655.SZ,655,金岭矿业
000656.SZ,656,金科股份
000657.SZ,657,中钨高新
000659.SZ,659,珠海中富
000661.SZ,661,长春高新
000663.SZ,663,永安林业
000665.SZ,665,湖北广电
000666.SZ,666,经纬纺机
000667.SZ,667,美好置业
000668.SZ,668,荣丰控股
000671.SZ,671,阳光城
000672.SZ,672,上峰水泥
000676.SZ,676,智度股份
000677.SZ,677,恒天海龙
000678.SZ,678,襄阳轴承
000679.SZ,679,大连友谊
000680.SZ,680,山推股份
000681.SZ,681,视觉中国
000682.SZ,682,东方电子
000683.SZ,683,远兴能源
000685.SZ,685,中山公用
000686.SZ,686,东北证券
000688.SZ,688,国城矿业
000690.SZ,690,宝新能源
000691.SZ,691,亚太实业
000692.SZ,692,惠天热电
000695.SZ,695,滨海能源
000697.SZ,697,炼石航空
000698.SZ,698,沈阳化工
000700.SZ,700,模塑科技
000701.SZ,701,厦门信达
000702.SZ,702,正虹科技
000703.SZ,703,恒逸石化
000705.SZ,705,浙江震元
000707.SZ,707,双环科技
000709.SZ,709,河钢股份
000710.SZ,710,贝瑞基因
000711.SZ,711,京蓝科技
000712.SZ,712,锦龙股份
000713.SZ,713,丰乐种业
000715.SZ,715,中兴商业
000716.SZ,716,黑芝麻
000717.SZ,717,韶钢松山
000718.SZ,718,苏宁环球
000719.SZ,719,中原传媒
000720.SZ,720,新能泰山
000721.SZ,721,西安饮食
000722.SZ,722,湖南发展
000723.SZ,723,美锦能源
000725.SZ,725,京东方A
000726.SZ,726,鲁泰A
000727.SZ,727,冠捷科技
000728.SZ,728,国元证券
000729.SZ,729,燕京啤酒
000731.SZ,731,四川美丰
000732.SZ,732,泰禾集团
000733.SZ,733,振华科技
000735.SZ,735,罗牛山
000736.SZ,736,中交地产
000737.SZ,737,北方铜业
000738.SZ,738,航发控制
000739.SZ,739,普洛药业
000750.SZ,750,国海证券
000751.SZ,751,锌业股份
000753.SZ,753,漳州发展
000755.SZ,755,山西路桥
000756.SZ,756,新华制药
000757.SZ,757,浩物股份
000758.SZ,758,中色股份
000759.SZ,759,中百集团
000761.SZ,761,本钢板材
000762.SZ,762,西藏矿业
000766.SZ,766,通化金马
000767.SZ,767,晋控电力
000768.SZ,768,中航西飞
000776.SZ,776,广发证券
000777.SZ,777,中核科技
000778.SZ,778,新兴铸管
000779.SZ,779,甘咨询
000782.SZ,782,美达股份
000783.SZ,783,长江证券
000786.SZ,786,北新建材
000788.SZ,788,北大医药
000789.SZ,789,万年青
000790.SZ,790,华神科技
000791.SZ,791,甘肃电投
000792.SZ,792,盐湖股份
000793.SZ,793,华闻集团
000795.SZ,795,英洛华
000796.SZ,796,凯撒旅业
000797.SZ,797,中国武夷
000798.SZ,798,中水渔业
000799.SZ,799,酒鬼酒
000800.SZ,800,一汽解放
000801.SZ,801,四川九洲
000803.SZ,803,北清环能
000807.SZ,807,云铝股份
000809.SZ,809,铁岭新城
000810.SZ,810,创维数字
000811.SZ,811,冰轮环境
000812.SZ,812,陕西金叶
000813.SZ,813,德展健康
000815.SZ,815,美利云
000816.SZ,816,智慧农业
000818.SZ,818,航锦科技
000819.SZ,819,岳阳兴长
000821.SZ,821,京山轻机
000822.SZ,822,山东海化
000823.SZ,823,超声电子
000825.SZ,825,太钢不锈
000826.SZ,826,启迪环境
000828.SZ,828,东莞控股
000829.SZ,829,天音控股
000830.SZ,830,鲁西化工
000831.SZ,831,五矿稀土
000833.SZ,833,粤桂股份
000836.SZ,836,富通信息
000837.SZ,837,秦川机床
000838.SZ,838,财信发展
000839.SZ,839,中信国安
000848.SZ,848,承德露露
000850.SZ,850,华茂股份
000851.SZ,851,高鸿股份
000852.SZ,852,石化机械
000856.SZ,856,冀东装备
000858.SZ,858,五粮液
000859.SZ,859,国风新材
000860.SZ,860,顺鑫农业
000861.SZ,861,海印股份
000862.SZ,862,银星能源
000863.SZ,863,三湘印象
000868.SZ,868,安凯客车
000869.SZ,869,张裕A
000875.SZ,875,吉电股份
000876.SZ,876,新希望
000877.SZ,877,天山股份
000878.SZ,878,云南铜业
000880.SZ,880,潍柴重机
000881.SZ,881,中广核技
000882.SZ,882,华联股份
000883.SZ,883,湖北能源
000885.SZ,885,城发环境
000886.SZ,886,海南高速
000887.SZ,887,中鼎股份
000888.SZ,888,峨眉山A
000889.SZ,889,中嘉博创
000890.SZ,890,法尔胜
000892.SZ,892,欢瑞世纪
000893.SZ,893,亚钾国际
000897.SZ,897,津滨发展
000898.SZ,898,鞍钢股份
000899.SZ,899,赣能股份
000900.SZ,900,现代投资
000901.SZ,901,航天科技
000902.SZ,902,新洋丰
000903.SZ,903,云内动力
000905.SZ,905,厦门港务
000906.SZ,906,浙商中拓
000908.SZ,908,景峰医药
000909.SZ,909,数源科技
000910.SZ,910,大亚圣象
000911.SZ,911,南宁糖业
000912.SZ,912,泸天化
000913.SZ,913,钱江摩托
000915.SZ,915,华特达因
000917.SZ,917,电广传媒
000918.SZ,918,嘉凯城
000919.SZ,919,金陵药业
000920.SZ,920,沃顿科技
000921.SZ,921,海信家电
000922.SZ,922,佳电股份
000923.SZ,923,河钢资源
000925.SZ,925,众合科技
000926.SZ,926,福星股份
000927.SZ,927,中国铁物
000928.SZ,928,中钢国际
000929.SZ,929,兰州黄河
000930.SZ,930,中粮科技
000931.SZ,931,中关村
000932.SZ,932,华菱钢铁
000933.SZ,933,神火股份
000935.SZ,935,四川双马
000936.SZ,936,华西股份
000937.SZ,937,冀中能源
000938.SZ,938,紫光股份
000948.SZ,948,南天信息
000949.SZ,949,新乡化纤
000950.SZ,950,重药控股
000951.SZ,951,中国重汽
000952.SZ,952,广济药业
000953.SZ,953,河化股份
000955.SZ,955,欣龙控股
000957.SZ,957,中通客车
000958.SZ,958,东方能源
000959.SZ,959,首钢股份
000960.SZ,960,锡业股份
000961.SZ,961,中南建设
000962.SZ,962,东方钽业
000963.SZ,963,华东医药
000965.SZ,965,天保基建
000966.SZ,966,长源电力
000967.SZ,967,盈峰环境
000968.SZ,968,蓝焰控股
000969.SZ,969,安泰科技
000970.SZ,970,中科三环
000973.SZ,973,佛塑科技
000975.SZ,975,银泰黄金
000976.SZ,976,华铁股份
000977.SZ,977,浪潮信息
000978.SZ,978,桂林旅游
000982.SZ,982,中银绒业
000983.SZ,983,山西焦煤
000985.SZ,985,大庆华科
000988.SZ,988,华工科技
000989.SZ,989,九芝堂
000990.SZ,990,诚志股份
000993.SZ,993,闽东电力
000995.SZ,995,皇台酒业
000997.SZ,997,新大陆
000998.SZ,998,隆平高科
000999.SZ,999,华润三九
001696.SZ,1696,宗申动力
001872.SZ,1872,招商港口
001896.SZ,1896,豫能控股
001914.SZ,1914,招商积余
001965.SZ,1965,招商公路
001979.SZ,1979,招商蛇口
002001.SZ,2001,新和成
002002.SZ,2002,鸿达兴业
002003.SZ,2003,伟星股份
002004.SZ,2004,华邦健康
002006.SZ,2006,精功科技
002007.SZ,2007,华兰生物
002008.SZ,2008,大族激光
002009.SZ,2009,天奇股份
002010.SZ,2010,传化智联
002011.SZ,2011,盾安环境
002012.SZ,2012,凯恩股份
002013.SZ,2013,中航机电
002014.SZ,2014,永新股份
002015.SZ,2015,协鑫能科
002016.SZ,2016,世荣兆业
002017.SZ,2017,东信和平
002019.SZ,2019,亿帆医药
002020.SZ,2020,京新药业
002022.SZ,2022,科华生物
002023.SZ,2023,海特高新
002024.SZ,2024,苏宁易购
002025.SZ,2025,航天电器
002026.SZ,2026,山东威达
002027.SZ,2027,分众传媒
002028.SZ,2028,思源电气
002029.SZ,2029,七匹狼
002030.SZ,2030,达安基因
002031.SZ,2031,巨轮智能
002032.SZ,2032,苏泊尔
002033.SZ,2033,丽江股份
002034.SZ,2034,旺能环境
002035.SZ,2035,华帝股份
002036.SZ,2036,联创电子
002037.SZ,2037,保利联合
002038.SZ,2038,双鹭药业
002039.SZ,2039,黔源电力
002040.SZ,2040,南京港
002041.SZ,2041,登海种业
002042.SZ,2042,华孚时尚
002043.SZ,2043,兔宝宝
002044.SZ,2044,美年健康
002045.SZ,2045,国光电器
002046.SZ,2046,国机精工
002047.SZ,2047,宝鹰股份
002048.SZ,2048,宁波华翔
002049.SZ,2049,紫光国微
002050.SZ,2050,三花智控
002051.SZ,2051,中工国际
002053.SZ,2053,云南能投
002054.SZ,2054,德美化工
002055.SZ,2055,得润电子
002056.SZ,2056,横店东磁
002057.SZ,2057,中钢天源
002059.SZ,2059,云南旅游
002060.SZ,2060,粤水电
002061.SZ,2061,浙江交科
002062.SZ,2062,宏润建设
002063.SZ,2063,远光软件
002064.SZ,2064,华峰化学
002065.SZ,2065,东华软件
002066.SZ,2066,瑞泰科技
002067.SZ,2067,景兴纸业
002068.SZ,2068,黑猫股份
002069.SZ,2069,獐子岛
002073.SZ,2073,软控股份
002074.SZ,2074,国轩高科
002075.SZ,2075,沙钢股份
002077.SZ,2077,大港股份
002078.SZ,2078,太阳纸业
002079.SZ,2079,苏州固锝
002080.SZ,2080,中材科技
002081.SZ,2081,金螳螂
002082.SZ,2082,万邦德
002083.SZ,2083,孚日股份
002084.SZ,2084,海鸥住工
002085.SZ,2085,万丰奥威
002087.SZ,2087,新野纺织
002088.SZ,2088,鲁阳节能
002090.SZ,2090,金智科技
002091.SZ,2091,江苏国泰
002092.SZ,2092,中泰化学
002093.SZ,2093,国脉科技
002094.SZ,2094,青岛金王
002095.SZ,2095,生意宝
002096.SZ,2096,南岭民爆
002097.SZ,2097,山河智能
002098.SZ,2098,浔兴股份
002099.SZ,2099,海翔药业
002100.SZ,2100,天康生物
002101.SZ,2101,广东鸿图
002103.SZ,2103,广博股份
002104.SZ,2104,恒宝股份
002105.SZ,2105,信隆健康
002106.SZ,2106,莱宝高科
002107.SZ,2107,沃华医药
002108.SZ,2108,沧州明珠
002109.SZ,2109,兴化股份
002110.SZ,2110,三钢闽光
002111.SZ,2111,威海广泰
002114.SZ,2114,罗平锌电
002115.SZ,2115,三维通信
002116.SZ,2116,中国海诚
002117.SZ,2117,东港股份
002118.SZ,2118,紫鑫药业
002119.SZ,2119,康强电子
002120.SZ,2120,韵达股份
002121.SZ,2121,科陆电子
600000.SH,600000,浦发银行
600004.SH,600004,白云机场
600006.SH,600006,东风汽车
600007.SH,600007,中国国贸
600008.SH,600008,首创环保
600009.SH,600009,上海机场
600010.SH,600010,包钢股份
600011.SH,600011,华能国际
600012.SH,600012,皖通高速
600015.SH,600015,华夏银行
600016.SH,600016,民生银行
600017.SH,600017,日照港
600018.SH,600018,上港集团
600019.SH,600019,宝钢股份
600020.SH,600020,中原高速
600021.SH,600021,上海电力
600022.SH,600022,山东钢铁
600023.SH,600023,浙能电力
600025.SH,600025,华能水电
600026.SH,600026,中远海能
600027.SH,600027,华电国际
600028.SH,600028,中国石化
600029.SH,600029,南方航空
600031.SH,600031,三一重工
600033.SH,600033,福建高速
600035.SH,600035,楚天高速
600036.SH,600036,招商银行
600037.SH,600037,歌华有线
600038.SH,600038,中直股份
600039.SH,600039,四川路桥
600048.SH,600048,保利发展
600050.SH,600050,中国联通
600051.SH,600051,宁波联合
600052.SH,600052,东望时代
600053.SH,600053,九鼎投资
600054.SH,600054,黄山旅游
600055.SH,600055,万东医疗
600056.SH,600056,中国医药
600057.SH,600057,厦门象屿
600058.SH,600058,五矿发展
600059.SH,600059,古越龙山
600060.SH,600060,海信视像
600061.SH,600061,国投资本
600062.SH,600062,华润双鹤
600063.SH,600063,皖维高新
600064.SH,600064,南京高科
600066.SH,600066,宇通客车
600067.SH,600067,冠城大通
600070.SH,600070,浙江富润
600071.SH,600071,凤凰光学
600072.SH,600072,中船科技
600073.SH,600073,上海梅林
600075.SH,600075,新疆天业
600076.SH,600076,康欣新材
600077.SH,600077,宋都股份
600079.SH,600079,人福医药
600080.SH,600080,金花股份
600082.SH,600082,海泰发展
600085.SH,600085,同仁堂
600088.SH,600088,中视传媒
600089.SH,600089,特变电工
600094.SH,600094,大名城
600095.SH,600095,湘财股份
600096.SH,600096,云天化
600097.SH,600097,开创国际
600098.SH,600098,广州发展
600099.SH,600099,林海股份
600100.SH,600100,同方股份
600101.SH,600101,明星电力
600103.SH,600103,青山纸业
600104.SH,600104,上汽集团
600105.SH,600105,永鼎股份
600106.SH,600106,重庆路桥
600107.SH,600107,美尔雅
600108.SH,600108,亚盛集团
600109.SH,600109,国金证券
600110.SH,600110,诺德股份
600111.SH,600111,北方稀土
600113.SH,600113,浙江东日
600114.SH,600114,东睦股份
600115.SH,600115,中国东航
600116.SH,600116,三峡水利
600117.SH,600117,西宁特钢
600118.SH,600118,中国卫星
600119.SH,600119,长江投资
600120.SH,600120,浙江东方
600121.SH,600121,郑州煤电
600123.SH,600123,兰花科创
600125.SH,600125,铁龙物流
600126.SH,600126,杭钢股份
600127.SH,600127,金健米业
600128.SH,600128,弘业股份
600129.SH,600129,太极集团
600130.SH,600130,波导股份
600132.SH,600132,重庆啤酒
600133.SH,600133,东湖高新
600135.SH,600135,乐凯胶片
600136.SH,600136,当代文体
600137.SH,600137,浪莎股份
600138.SH,600138,中青旅
600141.SH,600141,兴发集团
600143.SH,600143,金发科技
600148.SH,600148,长春一东
600149.SH,600149,廊坊发展
600150.SH,600150,中国船舶
600151.SH,600151,航天机电
600152.SH,600152,维科技术
600153.SH,600153,建发股份
600155.SH,600155,华创阳安
600156.SH,600156,华升股份
600157.SH,600157,永泰能源
600158.SH,600158,中体产业
600159.SH,600159,大龙地产
600160.SH,600160,巨化股份
600161.SH,600161,天坛生物
600162.SH,600162,香江控股
600163.SH,600163,中闽能源
600165.SH,600165,新日恒力
600166.SH,600166,福田汽车
600167.SH,600167,联美控股
600168.SH,600168,武汉控股
600169.SH,600169,太原重工
600170.SH,600170,上海建工
600171.SH,600171,上海贝岭
600172.SH,600172,黄河旋风
600173.SH,600173,卧龙地产
600176.SH,600176,中国巨石
600177.SH,600177,雅戈尔
600178.SH,600178,东安动力
600179.SH,600179,安通控股
600180.SH,600180,瑞茂通
600183.SH,600183,生益科技
600184.SH,600184,光电股份
600185.SH,600185,格力地产
600186.SH,600186,莲花健康
600187.SH,600187,国中水务
600188.SH,600188,兖矿能源
600189.SH,600189,泉阳泉
600190.SH,600190,锦州港
600192.SH,600192,长城电工
600193.SH,600193,创兴资源
600195.SH,600195,中牧股份
600196.SH,600196,复星医药
600197.SH,600197,伊力特
600198.SH,600198,大唐电信
600199.SH,600199,金种子酒
600200.SH,600200,江苏吴中
600201.SH,600201,生物股份
600202.SH,600202,哈空调
600203.SH,600203,福日电子
600206.SH,600206,有研新材
600207.SH,600207,安彩高科
600208.SH,600208,新湖中宝
600210.SH,600210,紫江企业
600211.SH,600211,西藏药业
600212.SH,600212,江泉实业
600213.SH,600213,亚星客车
600215.SH,600215,派斯林
600216.SH,600216,浙江医药
600217.SH,600217,中再资环
600218.SH,600218,全柴动力
600219.SH,600219,南山铝业
600220.SH,600220,江苏阳光
600222.SH,600222,太龙药业
600223.SH,600223,鲁商发展
600227.SH,600227,圣济堂
600228.SH,600228,返利科技
600229.SH,600229,城市传媒
600230.SH,600230,沧州大化
600231.SH,600231,凌钢股份
600232.SH,600232,金鹰股份
600233.SH,600233,圆通速递
600234.SH,600234,科新发展
600235.SH,600235,民丰特纸
600236.SH,600236,桂冠电力
600237.SH,600237,铜峰电子
600238.SH,600238,海南椰岛
600243.SH,600243,青海华鼎
600246.SH,600246,万通发展
600248.SH,600248,陕西建工
600249.SH,600249,两面针
600250.SH,600250,南纺股份
600251.SH,600251,冠农股份
600252.SH,600252,中恒集团
600255.SH,600255,鑫科材料
600256.SH,600256,广汇能源
600257.SH,600257,大湖股份
600258.SH,600258,首旅酒店
600259.SH,600259,广晟有色
600261.SH,600261,阳光照明
600262.SH,600262,北方股份
600266.SH,600266,城建发展
600267.SH,600267,海正药业
600268.SH,600268,国电南自
600269.SH,600269,赣粤高速
600271.SH,600271,航天信息
600272.SH,600272,开开实业
600273.SH,600273,嘉化能源
600276.SH,600276,恒瑞医药
600277.SH,600277,亿利洁能
600278.SH,600278,东方创业
600279.SH,600279,重庆港
600280.SH,600280,中央商场
600281.SH,600281,华阳新材
600282.SH,600282,南钢股份
600283.SH,600283,钱江水利
600284.SH,600284,浦东建设
600285.SH,600285,羚锐制药
600287.SH,600287,江苏舜天
600288.SH,600288,大恒科技
600292.SH,600292,远达环保
600293.SH,600293,三峡新材
600295.SH,600295,鄂尔多斯
600297.SH,600297,广汇汽车
600298.SH,600298,安琪酵母
600299.SH,600299,安迪苏
600300.SH,600300,维维股份
600302.SH,600302,标准股份
600303.SH,600303,曙光股份
600305.SH,600305,恒顺醋业
600307.SH,600307,酒钢宏兴
600308.SH,600308,华泰股份
600309.SH,600309,万华化学
600310.SH,600310,桂东电力
600312.SH,600312,平高电气
600313.SH,600313,农发种业
600315.SH,600315,上海家化
600316.SH,600316,洪都航空
600320.SH,600320,振华重工
600321.SH,600321,正源股份
600322.SH,600322,天房发展
600323.SH,600323,瀚蓝环境
600325.SH,600325,华发股份
600326.SH,600326,西藏天路
600327.SH,600327,大东方
600328.SH,600328,中盐化工
600329.SH,600329,中新药业
600330.SH,600330,天通股份
600331.SH,600331,宏达股份
600332.SH,600332,白云山
600333.SH,600333,长春燃气
600335.SH,600335,国机汽车
600336.SH,600336,澳柯玛
600337.SH,600337,美克家居
600338.SH,600338,西藏珠峰
600339.SH,600339,中油工程
600340.SH,600340,华夏幸福
600343.SH,600343,航天动力
600345.SH,600345,长江通信
600346.SH,600346,恒力石化
600348.SH,600348,华阳股份
600350.SH,600350,山东高速
600351.SH,600351,亚宝药业
600352.SH,600352,浙江龙盛
600353.SH,600353,旭光电子
600354.SH,600354,敦煌种业
600355.SH,600355,精伦电子
600356.SH,600356,恒丰纸业
600358.SH,600358,国旅联合
600359.SH,600359,新农开发
600360.SH,600360,华微电子
600361.SH,600361,华联综超
600362.SH,600362,江西铜业
600363.SH,600363,联创光电
600366.SH,600366,宁波韵升
600367.SH,600367,红星发展
600368.SH,600368,五洲交通
600369.SH,600369,西南证券
600370.SH,600370,三房巷
600371.SH,600371,万向德农
600372.SH,600372,中航电子
600373.SH,600373,中文传媒
600375.SH,600375,汉马科技
600376.SH,600376,首开股份
600377.SH,600377,宁沪高速
600378.SH,600378,昊华科技
600379.SH,600379,宝光股份
600380.SH,600380,健康元
600381.SH,600381,青海春天
600383.SH,600383,金地集团
600386.SH,600386,北巴传媒
600388.SH,600388,龙净环保
600389.SH,600389,江山股份
600390.SH,600390,五矿资本
600391.SH,600391,航发科技
600392.SH,600392,盛和资源
600395.SH,600395,盘江股份
600396.SH,600396,金山股份
600397.SH,600397,安源煤业
600398.SH,600398,海澜之家
600399.SH,600399,抚顺特钢
600400.SH,600400,红豆股份
600403.SH,600403,大有能源
600405.SH,600405,动力源
600406.SH,600406,国电南瑞
600409.SH,600409,三友化工
600410.SH,600410,华胜天成
600415.SH,600415,小商品城
600416.SH,600416,湘电股份
600418.SH,600418,江淮汽车
600419.SH,600419,天润乳业
600420.SH,600420,国药现代
600421.SH,600421,华嵘控股
600422.SH,600422,昆药集团
600423.SH,600423,柳化股份
600425.SH,600425,青松建化
600426.SH,600426,华鲁恒升
600428.SH,600428,中远海特
600429.SH,600429,三元股份
600433.SH,600433,冠豪高新
600435.SH,600435,北方导航
600436.SH,600436,片仔癀
600438.SH,600438,通威股份
600439.SH,600439,瑞贝卡
600444.SH,600444,国机通用
600446.SH,600446,金证股份
600448.SH,600448,华纺股份
600449.SH,600449,宁夏建材
600452.SH,600452,涪陵电力
600455.SH,600455,博通股份
600456.SH,600456,宝钛股份
600458.SH,600458,时代新材
600459.SH,600459,贵研铂业
600460.SH,600460,士兰微
600461.SH,600461,洪城环境
600463.SH,600463,空港股份
600466.SH,600466,蓝光发展
600467.SH,600467,好当家
600468.SH,600468,百利电气
600469.SH,600469,风神股份
600470.SH,600470,六国化工
600475.SH,600475,华光环能
600476.SH,600476,湘邮科技
600477.SH,600477,杭萧钢构
600479.SH,600479,千金药业
600480.SH,600480,凌云股份
600481.SH,600481,双良节能
600482.SH,600482,中国动力
600483.SH,600483,福能股份
600486.SH,600486,扬农化工
600487.SH,600487,亨通光电
600488.SH,600488,天药股份
600489.SH,600489,中金黄金
600490.SH,600490,鹏欣资源
600491.SH,600491,龙元建设
600493.SH,600493,凤竹纺织
600495.SH,600495,晋西车轴
600496.SH,600496,精工钢构
600497.SH,600497,驰宏锌锗
600498.SH,600498,烽火通信
600499.SH,600499,科达制造
600500.SH,600500,中化国际
600501.SH,600501,航天晨光
600502.SH,600502,安徽建工
600503.SH,600503,华丽家族
600505.SH,600505,西昌电力
600507.SH,600507,方大特钢
600508.SH,600508,上海能源
600509.SH,600509,天富能源
600510.SH,600510,黑牡丹
600511.SH,600511,国药股份
600512.SH,600512,腾达建设
600513.SH,600513,联环药业
600516.SH,600516,方大炭素
600517.SH,600517,国网英大
600519.SH,600519,贵州茅台
600520.SH,600520,文一科技
600521.SH,600521,华海药业
600522.SH,600522,中天科技
600523.SH,600523,贵航股份
600525.SH,600525,长园集团
600526.SH,600526,菲达环保
600527.SH,600527,江南高纤
600528.SH,600528,中铁工业
600529.SH,600529,山东药玻
600530.SH,600530,交大昂立
600531.SH,600531,豫光金铅
600532.SH,600532,未来股份
600533.SH,600533,栖霞建设
600535.SH,600535,天士力
600536.SH,600536,中国软件
600537.SH,600537,亿晶光电
600538.SH,600538,国发股份
600539.SH,600539,狮头股份
600540.SH,600540,新赛股份
600543.SH,600543,莫高股份
600545.SH,600545,卓郎智能
600546.SH,600546,山煤国际
600547.SH,600547,山东黄金
600548.SH,600548,深高速
600549.SH,600549,厦门钨业
600550.SH,600550,保变电气
600551.SH,600551,时代出版
600552.SH,600552,凯盛科技
600556.SH,600556,天下秀
600557.SH,600557,康缘药业
600558.SH,600558,大西洋
600559.SH,600559,老白干酒
600560.SH,600560,金自天正
600561.SH,600561,江西长运
600562.SH,600562,国睿科技
600563.SH,600563,法拉电子
600565.SH,600565,迪马股份
600566.SH,600566,济川药业
600567.SH,600567,山鹰国际
600569.SH,600569,安阳钢铁
600570.SH,600570,恒生电子
600571.SH,600571,信雅达
600572.SH,600572,康恩贝
600573.SH,600573,惠泉啤酒
600575.SH,600575,淮河能源
600576.SH,600576,祥源文化
600577.SH,600577,精达股份
600578.SH,600578,京能电力
600579.SH,600579,克劳斯
600580.SH,600580,卧龙电驱
600581.SH,600581,八一钢铁
600582.SH,600582,天地科技
600583.SH,600583,海油工程
600584.SH,600584,长电科技
600585.SH,600585,海螺水泥
600586.SH,600586,金晶科技
600587.SH,600587,新华医疗
600588.SH,600588,用友网络
600590.SH,600590,泰豪科技
600592.SH,600592,龙溪股份
600594.SH,600594,益佰制药
600596.SH,600596,新安股份
600597.SH,600597,光明乳业
600598.SH,600598,北大荒
600600.SH,600600,青岛啤酒
600602.SH,600602,云赛智联
600603.SH,600603,广汇物流
600604.SH,600604,市北高新
600605.SH,600605,汇通能源
600606.SH,600606,绿地控股
600609.SH,600609,金杯汽车
600610.SH,600610,中毅达
600611.SH,600611,大众交通
600612.SH,600612,老凤祥
600613.SH,600613,神奇制药
600616.SH,600616,金枫酒业
600617.SH,600617,国新能源
600618.SH,600618,氯碱化工
600619.SH,600619,海立股份
600620.SH,600620,天宸股份
600621.SH,600621,华鑫股份
600622.SH,600622,光大嘉宝
600623.SH,600623,华谊集团
600624.SH,600624,复旦复华
600626.SH,600626,申达股份
600628.SH,600628,新世界
600629.SH,600629,华建集团
600630.SH,600630,龙头股份
600633.SH,600633,浙数文化
600635.SH,600635,大众公用
600636.SH,600636,国新文化
600637.SH,600637,东方明珠
600638.SH,600638,新黄浦
600639.SH,600639,浦东金桥
600640.SH,600640,新国脉
600641.SH,600641,万业企业
600642.SH,600642,申能股份
600643.SH,600643,爱建集团
600644.SH,600644,乐山电力
600645.SH,600645,中源协和
600647.SH,600647,同达创业
600648.SH,600648,外高桥
600649.SH,600649,城投控股
600650.SH,600650,锦江在线
600651.SH,600651,飞乐音响
600653.SH,600653,申华控股
600655.SH,600655,豫园股份
600657.SH,600657,信达地产
600658.SH,600658,电子城
600660.SH,600660,福耀玻璃
